mode: set
network-debugger/internal/infrastructure/httpapi/compose.go:85.74,86.33 1 0
network-debugger/internal/infrastructure/httpapi/compose.go:86.33,89.3 2 0
network-debugger/internal/infrastructure/httpapi/compose.go:90.2,91.84 2 0
network-debugger/internal/infrastructure/httpapi/compose.go:91.84,94.3 2 0
network-debugger/internal/infrastructure/httpapi/compose.go:95.2,97.28 2 0
network-debugger/internal/infrastructure/httpapi/compose.go:97.28,99.3 1 0
network-debugger/internal/infrastructure/httpapi/compose.go:100.2,103.16 3 0
network-debugger/internal/infrastructure/httpapi/compose.go:103.16,106.3 2 0
network-debugger/internal/infrastructure/httpapi/compose.go:107.2,108.162 2 0
network-debugger/internal/infrastructure/httpapi/compose.go:111.80,112.32 1 0
network-debugger/internal/infrastructure/httpapi/compose.go:112.32,115.3 2 0
network-debugger/internal/infrastructure/httpapi/compose.go:116.2,117.16 2 0
network-debugger/internal/infrastructure/httpapi/compose.go:117.16,120.3 2 0
network-debugger/internal/infrastructure/httpapi/compose.go:121.2,122.36 2 0
network-debugger/internal/infrastructure/httpapi/compose.go:126.76,127.32 1 0
network-debugger/internal/infrastructure/httpapi/compose.go:127.32,130.3 2 0
network-debugger/internal/infrastructure/httpapi/compose.go:131.2,132.88 2 0
network-debugger/internal/infrastructure/httpapi/compose.go:136.77,137.32 1 0
network-debugger/internal/infrastructure/httpapi/compose.go:137.32,140.3 2 0
network-debugger/internal/infrastructure/httpapi/compose.go:141.2,142.46 2 0
network-debugger/internal/infrastructure/httpapi/compose.go:142.46,143.53 1 0
network-debugger/internal/infrastructure/httpapi/compose.go:143.53,145.4 1 0
network-debugger/internal/infrastructure/httpapi/compose.go:147.2,148.16 2 0
network-debugger/internal/infrastructure/httpapi/compose.go:148.16,151.3 2 0
network-debugger/internal/infrastructure/httpapi/compose.go:152.2,153.27 2 0
network-debugger/internal/infrastructure/httpapi/compose.go:153.27,155.3 1 0
network-debugger/internal/infrastructure/httpapi/compose.go:156.2,157.79 2 0
network-debugger/internal/infrastructure/httpapi/compose.go:161.86,162.63 1 0
network-debugger/internal/infrastructure/httpapi/compose.go:162.63,165.3 2 0
network-debugger/internal/infrastructure/httpapi/compose.go:166.2,167.84 2 0
network-debugger/internal/infrastructure/httpapi/compose.go:167.84,170.3 2 0
network-debugger/internal/infrastructure/httpapi/compose.go:171.2,172.16 2 0
network-debugger/internal/infrastructure/httpapi/compose.go:172.16,175.3 2 0
network-debugger/internal/infrastructure/httpapi/compose.go:176.2,177.36 2 0
network-debugger/internal/infrastructure/httpapi/compose.go:181.86,182.35 1 0
network-debugger/internal/infrastructure/httpapi/compose.go:182.35,185.3 2 0
network-debugger/internal/infrastructure/httpapi/compose.go:186.2,187.14 2 0
network-debugger/internal/infrastructure/httpapi/compose.go:187.14,190.3 2 0
network-debugger/internal/infrastructure/httpapi/compose.go:191.2,192.16 2 0
network-debugger/internal/infrastructure/httpapi/compose.go:192.16,195.3 2 0
network-debugger/internal/infrastructure/httpapi/compose.go:196.2,197.36 2 0
network-debugger/internal/infrastructure/httpapi/compose.go:202.81,203.33 1 0
network-debugger/internal/infrastructure/httpapi/compose.go:203.33,206.3 2 0
network-debugger/internal/infrastructure/httpapi/compose.go:207.2,208.14 2 0
network-debugger/internal/infrastructure/httpapi/compose.go:208.14,211.3 2 0
network-debugger/internal/infrastructure/httpapi/compose.go:212.2,217.85 2 0
network-debugger/internal/infrastructure/httpapi/compose.go:217.85,220.3 2 0
network-debugger/internal/infrastructure/httpapi/compose.go:221.2,222.16 2 0
network-debugger/internal/infrastructure/httpapi/compose.go:222.16,225.3 2 0
network-debugger/internal/infrastructure/httpapi/compose.go:226.2,227.36 2 0
network-debugger/internal/infrastructure/httpapi/compose.go:231.83,232.63 1 0
network-debugger/internal/infrastructure/httpapi/compose.go:232.63,235.3 2 0
network-debugger/internal/infrastructure/httpapi/compose.go:236.2,237.84 2 0
network-debugger/internal/infrastructure/httpapi/compose.go:237.84,240.3 2 0
network-debugger/internal/infrastructure/httpapi/compose.go:241.2,243.28 3 0
network-debugger/internal/infrastructure/httpapi/compose.go:243.28,245.3 1 0
network-debugger/internal/infrastructure/httpapi/compose.go:246.2,247.16 2 0
network-debugger/internal/infrastructure/httpapi/compose.go:247.16,250.3 2 0
network-debugger/internal/infrastructure/httpapi/compose.go:251.2,252.36 2 0
network-debugger/internal/infrastructure/httpapi/compose.go:256.83,257.35 1 0
network-debugger/internal/infrastructure/httpapi/compose.go:257.35,260.3 2 0
network-debugger/internal/infrastructure/httpapi/compose.go:261.2,262.14 2 0
network-debugger/internal/infrastructure/httpapi/compose.go:262.14,265.3 2 0
network-debugger/internal/infrastructure/httpapi/compose.go:266.2,267.16 2 0
network-debugger/internal/infrastructure/httpapi/compose.go:267.16,270.3 2 0
network-debugger/internal/infrastructure/httpapi/compose.go:271.2,272.36 2 0
network-debugger/internal/infrastructure/httpapi/compose.go:277.78,279.30 2 1
network-debugger/internal/infrastructure/httpapi/compose.go:279.30,281.3 1 1
network-debugger/internal/infrastructure/httpapi/compose.go:282.2,283.28 2 1
network-debugger/internal/infrastructure/httpapi/compose.go:283.28,285.3 1 1
network-debugger/internal/infrastructure/httpapi/compose.go:286.2,287.19 2 1
network-debugger/internal/infrastructure/httpapi/compose.go:287.19,289.3 1 1
network-debugger/internal/infrastructure/httpapi/compose.go:290.2,293.26 4 1
network-debugger/internal/infrastructure/httpapi/compose.go:293.26,295.33 2 1
network-debugger/internal/infrastructure/httpapi/compose.go:295.33,297.4 1 1
network-debugger/internal/infrastructure/httpapi/compose.go:299.2,299.31 1 1
network-debugger/internal/infrastructure/httpapi/compose.go:299.31,301.38 2 1
network-debugger/internal/infrastructure/httpapi/compose.go:301.38,303.4 1 1
network-debugger/internal/infrastructure/httpapi/compose.go:305.2,309.3 1 1
network-debugger/internal/infrastructure/httpapi/cookies.go:29.49,35.2 3 1
network-debugger/internal/infrastructure/httpapi/cookies.go:37.43,38.58 1 1
network-debugger/internal/infrastructure/httpapi/cookies.go:38.58,40.3 1 1
network-debugger/internal/infrastructure/httpapi/cookies.go:42.2,42.42 1 1
network-debugger/internal/infrastructure/httpapi/cookies.go:45.39,47.22 2 1
network-debugger/internal/infrastructure/httpapi/cookies.go:47.22,49.3 1 1
network-debugger/internal/infrastructure/httpapi/cookies.go:50.2,50.27 1 1
network-debugger/internal/infrastructure/httpapi/cookies.go:50.27,52.3 1 1
network-debugger/internal/infrastructure/httpapi/cookies.go:53.2,53.13 1 1
network-debugger/internal/infrastructure/httpapi/cookies.go:56.40,57.14 1 1
network-debugger/internal/infrastructure/httpapi/cookies.go:57.14,59.3 1 1
network-debugger/internal/infrastructure/httpapi/cookies.go:60.2,60.27 1 1
network-debugger/internal/infrastructure/httpapi/cookies.go:65.73,66.32 1 1
network-debugger/internal/infrastructure/httpapi/cookies.go:66.32,68.3 1 1
network-debugger/internal/infrastructure/httpapi/cookies.go:69.2,70.20 2 1
network-debugger/internal/infrastructure/httpapi/cookies.go:70.20,72.3 1 1
network-debugger/internal/infrastructure/httpapi/cookies.go:73.2,77.65 4 1
network-debugger/internal/infrastructure/httpapi/cookies.go:77.65,79.3 1 1
network-debugger/internal/infrastructure/httpapi/cookies.go:81.2,81.27 1 1
network-debugger/internal/infrastructure/httpapi/cookies.go:81.27,83.10 2 1
network-debugger/internal/infrastructure/httpapi/cookies.go:83.10,86.12 2 1
network-debugger/internal/infrastructure/httpapi/cookies.go:89.3,94.37 4 1
network-debugger/internal/infrastructure/httpapi/cookies.go:94.37,96.4 1 1
network-debugger/internal/infrastructure/httpapi/cookies.go:99.3,99.19 1 1
network-debugger/internal/infrastructure/httpapi/cookies.go:99.19,101.4 1 1
network-debugger/internal/infrastructure/httpapi/cookies.go:101.9,101.47 1 1
network-debugger/internal/infrastructure/httpapi/cookies.go:101.47,103.4 1 1
network-debugger/internal/infrastructure/httpapi/cookies.go:103.9,103.48 1 1
network-debugger/internal/infrastructure/httpapi/cookies.go:103.48,105.26 2 1
network-debugger/internal/infrastructure/httpapi/cookies.go:105.26,107.5 1 1
network-debugger/internal/infrastructure/httpapi/cookies.go:107.10,109.5 1 1
network-debugger/internal/infrastructure/httpapi/cookies.go:113.3,113.19 1 1
network-debugger/internal/infrastructure/httpapi/cookies.go:113.19,115.4 1 1
network-debugger/internal/infrastructure/httpapi/cookies.go:115.9,115.43 1 1
network-debugger/internal/infrastructure/httpapi/cookies.go:115.43,117.4 1 1
network-debugger/internal/infrastructure/httpapi/cookies.go:117.9,119.4 1 1
network-debugger/internal/infrastructure/httpapi/cookies.go:122.3,122.17 1 1
network-debugger/internal/infrastructure/httpapi/cookies.go:122.17,123.88 1 1
network-debugger/internal/infrastructure/httpapi/cookies.go:123.88,125.5 1 1
network-debugger/internal/infrastructure/httpapi/cookies.go:128.3,129.27 2 1
network-debugger/internal/infrastructure/httpapi/cookies.go:134.86,135.36 1 1
network-debugger/internal/infrastructure/httpapi/cookies.go:135.36,137.3 1 1
network-debugger/internal/infrastructure/httpapi/cookies.go:138.2,139.23 2 1
network-debugger/internal/infrastructure/httpapi/cookies.go:139.23,141.3 1 1
network-debugger/internal/infrastructure/httpapi/cookies.go:143.2,147.26 5 1
network-debugger/internal/infrastructure/httpapi/cookies.go:147.26,149.14 2 1
network-debugger/internal/infrastructure/httpapi/cookies.go:149.14,150.12 1 1
network-debugger/internal/infrastructure/httpapi/cookies.go:152.3,153.14 2 1
network-debugger/internal/infrastructure/httpapi/cookies.go:153.14,154.12 1 1
network-debugger/internal/infrastructure/httpapi/cookies.go:156.3,158.35 3 1
network-debugger/internal/infrastructure/httpapi/cookies.go:158.35,162.4 2 1
network-debugger/internal/infrastructure/httpapi/cookies.go:164.2,165.18 2 1
network-debugger/internal/infrastructure/httpapi/cookies.go:165.18,167.3 1 1
network-debugger/internal/infrastructure/httpapi/cookies.go:186.61,188.21 2 1
network-debugger/internal/infrastructure/httpapi/cookies.go:188.21,190.3 1 0
network-debugger/internal/infrastructure/httpapi/cookies.go:191.2,193.13 3 1
network-debugger/internal/infrastructure/httpapi/cookies.go:193.13,195.3 1 1
network-debugger/internal/infrastructure/httpapi/cookies.go:196.2,202.34 2 1
network-debugger/internal/infrastructure/httpapi/cookies.go:202.34,204.16 2 1
network-debugger/internal/infrastructure/httpapi/cookies.go:204.16,205.12 1 1
network-debugger/internal/infrastructure/httpapi/cookies.go:207.3,208.16 2 1
network-debugger/internal/infrastructure/httpapi/cookies.go:209.17,211.12 2 1
network-debugger/internal/infrastructure/httpapi/cookies.go:212.19,214.12 2 1
network-debugger/internal/infrastructure/httpapi/cookies.go:215.22,217.12 2 1
network-debugger/internal/infrastructure/httpapi/cookies.go:219.3,219.44 1 1
network-debugger/internal/infrastructure/httpapi/cookies.go:219.44,222.15 3 1
network-debugger/internal/infrastructure/httpapi/cookies.go:223.72,224.23 1 1
network-debugger/internal/infrastructure/httpapi/cookies.go:225.12,226.47 1 1
network-debugger/internal/infrastructure/httpapi/cookies.go:228.9,230.4 1 1
network-debugger/internal/infrastructure/httpapi/cookies.go:232.2,232.16 1 1
network-debugger/internal/infrastructure/httpapi/cookies.go:235.51,240.37 5 1
network-debugger/internal/infrastructure/httpapi/cookies.go:240.37,243.3 2 1
network-debugger/internal/infrastructure/httpapi/cookies.go:244.2,244.35 1 1
network-debugger/internal/infrastructure/httpapi/cookies.go:244.35,247.3 2 1
network-debugger/internal/infrastructure/httpapi/cookies.go:248.2,248.38 1 1
network-debugger/internal/infrastructure/httpapi/cookies.go:248.38,251.3 2 1
network-debugger/internal/infrastructure/httpapi/cookies.go:252.2,252.38 1 1
network-debugger/internal/infrastructure/httpapi/cookies.go:252.38,255.3 2 1
network-debugger/internal/infrastructure/httpapi/cookies.go:256.2,256.25 1 1
network-debugger/internal/infrastructure/httpapi/cookies.go:256.25,258.3 1 1
network-debugger/internal/infrastructure/httpapi/cookies.go:259.2,259.23 1 1
network-debugger/internal/infrastructure/httpapi/cookies.go:259.23,261.3 1 1
network-debugger/internal/infrastructure/httpapi/cookies.go:262.2,262.39 1 1
network-debugger/internal/infrastructure/httpapi/cookies.go:262.39,265.13 2 1
network-debugger/internal/infrastructure/httpapi/cookies.go:266.14,267.35 1 1
network-debugger/internal/infrastructure/httpapi/cookies.go:268.17,269.38 1 1
network-debugger/internal/infrastructure/httpapi/cookies.go:270.15,271.36 1 1
network-debugger/internal/infrastructure/httpapi/cookies.go:272.11,274.20 2 1
network-debugger/internal/infrastructure/httpapi/cookies.go:277.2,277.39 1 1
network-debugger/internal/infrastructure/httpapi/cookies.go:277.39,280.3 2 1
network-debugger/internal/infrastructure/httpapi/cookies.go:281.2,281.28 1 1
network-debugger/internal/infrastructure/httpapi/cookies.go:281.28,283.3 1 1
network-debugger/internal/infrastructure/httpapi/cookies.go:284.2,284.34 1 1
network-debugger/internal/infrastructure/httpapi/cookies.go:284.34,287.3 2 1
network-debugger/internal/infrastructure/httpapi/cookies.go:288.2,288.19 1 1
network-debugger/internal/infrastructure/httpapi/delay.go:8.44,9.62 1 1
network-debugger/internal/infrastructure/httpapi/delay.go:9.62,11.16 2 1
network-debugger/internal/infrastructure/httpapi/delay.go:11.16,13.4 1 1
network-debugger/internal/infrastructure/httpapi/delay.go:15.3,18.9 4 1
network-debugger/internal/infrastructure/httpapi/delay.go:20.2,20.29 1 1
network-debugger/internal/infrastructure/httpapi/delay.go:20.29,22.3 1 1
network-debugger/internal/infrastructure/httpapi/errors.go:18.102,19.16 1 1
network-debugger/internal/infrastructure/httpapi/errors.go:19.16,21.3 1 1
network-debugger/internal/infrastructure/httpapi/errors.go:22.2,26.110 4 1
network-debugger/internal/infrastructure/httpapi/forwardproxy.go:22.80,27.31 1 1
network-debugger/internal/infrastructure/httpapi/forwardproxy.go:27.31,29.128 1 1
network-debugger/internal/infrastructure/httpapi/forwardproxy.go:29.128,30.53 1 0
network-debugger/internal/infrastructure/httpapi/forwardproxy.go:30.53,32.5 1 0
network-debugger/internal/infrastructure/httpapi/forwardproxy.go:34.3,35.9 2 1
network-debugger/internal/infrastructure/httpapi/forwardproxy.go:37.2,37.76 1 1
network-debugger/internal/infrastructure/httpapi/forwardproxy.go:40.75,42.27 1 1
network-debugger/internal/infrastructure/httpapi/forwardproxy.go:42.27,45.3 2 0
network-debugger/internal/infrastructure/httpapi/forwardproxy.go:46.2,46.36 1 1
network-debugger/internal/infrastructure/httpapi/forwardproxy.go:46.36,48.74 1 1
network-debugger/internal/infrastructure/httpapi/forwardproxy.go:48.74,51.4 2 0
network-debugger/internal/infrastructure/httpapi/forwardproxy.go:52.3,53.9 2 1
network-debugger/internal/infrastructure/httpapi/forwardproxy.go:57.2,57.42 1 1
network-debugger/internal/infrastructure/httpapi/forwardproxy.go:57.42,60.3 2 0
network-debugger/internal/infrastructure/httpapi/forwardproxy.go:62.2,62.71 1 1
network-debugger/internal/infrastructure/httpapi/forwardproxy.go:62.71,65.3 2 1
network-debugger/internal/infrastructure/httpapi/forwardproxy.go:67.2,67.34 1 1
network-debugger/internal/infrastructure/httpapi/forwardproxy.go:73.83,82.9 6 1
network-debugger/internal/infrastructure/httpapi/forwardproxy.go:82.9,88.3 5 1
network-debugger/internal/infrastructure/httpapi/forwardproxy.go:89.2,90.16 2 0
network-debugger/internal/infrastructure/httpapi/forwardproxy.go:90.16,95.3 4 0
network-debugger/internal/infrastructure/httpapi/forwardproxy.go:98.2,99.42 2 0
network-debugger/internal/infrastructure/httpapi/forwardproxy.go:99.42,101.3 1 0
network-debugger/internal/infrastructure/httpapi/forwardproxy.go:102.2,103.16 2 0
network-debugger/internal/infrastructure/httpapi/forwardproxy.go:103.16,112.3 7 0
network-debugger/internal/infrastructure/httpapi/forwardproxy.go:115.2,133.51 13 0
network-debugger/internal/infrastructure/httpapi/forwardproxy.go:133.51,142.3 8 0
network-debugger/internal/infrastructure/httpapi/forwardproxy.go:145.2,147.16 3 0
network-debugger/internal/infrastructure/httpapi/forwardproxy.go:147.16,156.3 8 0
network-debugger/internal/infrastructure/httpapi/forwardproxy.go:158.2,162.54 3 0
network-debugger/internal/infrastructure/httpapi/forwardproxy.go:162.54,164.33 1 0
network-debugger/internal/infrastructure/httpapi/forwardproxy.go:164.33,165.39 1 0
network-debugger/internal/infrastructure/httpapi/forwardproxy.go:165.39,167.5 1 0
network-debugger/internal/infrastructure/httpapi/forwardproxy.go:169.3,169.46 1 0
network-debugger/internal/infrastructure/httpapi/forwardproxy.go:169.46,170.52 1 0
network-debugger/internal/infrastructure/httpapi/forwardproxy.go:170.52,172.5 1 0
network-debugger/internal/infrastructure/httpapi/forwardproxy.go:176.3,182.9 6 0
network-debugger/internal/infrastructure/httpapi/forwardproxy.go:186.2,190.32 5 0
network-debugger/internal/infrastructure/httpapi/forwardproxy.go:194.40,197.24 2 1
network-debugger/internal/infrastructure/httpapi/forwardproxy.go:197.24,199.3 1 1
network-debugger/internal/infrastructure/httpapi/forwardproxy.go:203.76,207.9 3 1
network-debugger/internal/infrastructure/httpapi/forwardproxy.go:207.9,210.3 2 1
network-debugger/internal/infrastructure/httpapi/forwardproxy.go:211.2,212.16 2 1
network-debugger/internal/infrastructure/httpapi/forwardproxy.go:212.16,214.3 1 0
network-debugger/internal/infrastructure/httpapi/forwardproxy.go:216.2,217.16 2 1
network-debugger/internal/infrastructure/httpapi/forwardproxy.go:217.16,222.3 4 1
network-debugger/internal/infrastructure/httpapi/forwardproxy.go:224.2,237.12 9 0
network-debugger/internal/infrastructure/httpapi/forwardproxy.go:237.12,240.3 2 0
network-debugger/internal/infrastructure/httpapi/forwardproxy.go:241.2,246.32 5 0
network-debugger/internal/infrastructure/httpapi/forwardproxy.go:252.74,255.9 3 1
network-debugger/internal/infrastructure/httpapi/forwardproxy.go:255.9,258.3 2 1
network-debugger/internal/infrastructure/httpapi/forwardproxy.go:259.2,260.16 2 0
network-debugger/internal/infrastructure/httpapi/forwardproxy.go:260.16,262.3 1 0
network-debugger/internal/infrastructure/httpapi/forwardproxy.go:264.2,269.16 4 0
network-debugger/internal/infrastructure/httpapi/forwardproxy.go:269.16,272.3 2 0
network-debugger/internal/infrastructure/httpapi/forwardproxy.go:274.2,278.43 2 0
network-debugger/internal/infrastructure/httpapi/forwardproxy.go:278.43,281.3 2 0
network-debugger/internal/infrastructure/httpapi/forwardproxy.go:284.2,285.16 2 0
network-debugger/internal/infrastructure/httpapi/forwardproxy.go:285.16,288.3 2 0
network-debugger/internal/infrastructure/httpapi/forwardproxy.go:290.2,291.58 2 0
network-debugger/internal/infrastructure/httpapi/forwardproxy.go:291.58,293.3 1 0
network-debugger/internal/infrastructure/httpapi/forwardproxy.go:294.2,295.43 2 0
network-debugger/internal/infrastructure/httpapi/forwardproxy.go:295.43,299.3 3 0
network-debugger/internal/infrastructure/httpapi/forwardproxy.go:302.2,309.12 5 0
network-debugger/internal/infrastructure/httpapi/forwardproxy.go:309.12,310.16 1 0
network-debugger/internal/infrastructure/httpapi/forwardproxy.go:310.16,314.77 4 0
network-debugger/internal/infrastructure/httpapi/forwardproxy.go:314.77,318.5 3 0
network-debugger/internal/infrastructure/httpapi/forwardproxy.go:322.3,323.90 2 0
network-debugger/internal/infrastructure/httpapi/forwardproxy.go:323.90,325.4 1 0
network-debugger/internal/infrastructure/httpapi/forwardproxy.go:326.3,328.7 3 0
network-debugger/internal/infrastructure/httpapi/forwardproxy.go:328.7,331.18 2 0
network-debugger/internal/infrastructure/httpapi/forwardproxy.go:331.18,333.5 1 0
network-debugger/internal/infrastructure/httpapi/forwardproxy.go:335.4,339.48 5 0
network-debugger/internal/infrastructure/httpapi/forwardproxy.go:339.48,341.5 1 0
network-debugger/internal/infrastructure/httpapi/forwardproxy.go:342.4,346.23 3 0
network-debugger/internal/infrastructure/httpapi/forwardproxy.go:346.23,348.22 2 0
network-debugger/internal/infrastructure/httpapi/forwardproxy.go:348.22,350.6 1 0
network-debugger/internal/infrastructure/httpapi/forwardproxy.go:351.5,351.25 1 0
network-debugger/internal/infrastructure/httpapi/forwardproxy.go:351.25,353.6 1 0
network-debugger/internal/infrastructure/httpapi/forwardproxy.go:354.5,356.14 3 0
network-debugger/internal/infrastructure/httpapi/forwardproxy.go:356.14,359.6 2 0
network-debugger/internal/infrastructure/httpapi/forwardproxy.go:362.4,370.22 7 0
network-debugger/internal/infrastructure/httpapi/forwardproxy.go:370.22,371.48 1 0
network-debugger/internal/infrastructure/httpapi/forwardproxy.go:371.48,372.29 1 0
network-debugger/internal/infrastructure/httpapi/forwardproxy.go:372.29,374.63 2 0
network-debugger/internal/infrastructure/httpapi/forwardproxy.go:374.63,376.8 1 0
network-debugger/internal/infrastructure/httpapi/forwardproxy.go:376.13,376.70 1 0
network-debugger/internal/infrastructure/httpapi/forwardproxy.go:376.70,378.8 1 0
network-debugger/internal/infrastructure/httpapi/forwardproxy.go:379.7,380.40 2 0
network-debugger/internal/infrastructure/httpapi/forwardproxy.go:380.40,382.8 1 0
network-debugger/internal/infrastructure/httpapi/forwardproxy.go:382.13,382.34 1 0
network-debugger/internal/infrastructure/httpapi/forwardproxy.go:382.34,384.8 1 0
network-debugger/internal/infrastructure/httpapi/forwardproxy.go:384.13,386.8 1 0
network-debugger/internal/infrastructure/httpapi/forwardproxy.go:387.7,396.15 10 0
network-debugger/internal/infrastructure/httpapi/forwardproxy.go:398.6,398.56 1 0
network-debugger/internal/infrastructure/httpapi/forwardproxy.go:398.56,400.28 2 0
network-debugger/internal/infrastructure/httpapi/forwardproxy.go:400.28,402.8 1 0
network-debugger/internal/infrastructure/httpapi/forwardproxy.go:408.4,408.81 1 0
network-debugger/internal/infrastructure/httpapi/forwardproxy.go:408.81,410.74 2 0
network-debugger/internal/infrastructure/httpapi/forwardproxy.go:410.74,412.6 1 0
network-debugger/internal/infrastructure/httpapi/forwardproxy.go:413.5,416.128 4 0
network-debugger/internal/infrastructure/httpapi/forwardproxy.go:416.128,417.47 1 0
network-debugger/internal/infrastructure/httpapi/forwardproxy.go:417.47,419.7 1 0
network-debugger/internal/infrastructure/httpapi/forwardproxy.go:420.6,420.26 1 0
network-debugger/internal/infrastructure/httpapi/forwardproxy.go:420.26,422.7 1 0
network-debugger/internal/infrastructure/httpapi/forwardproxy.go:423.6,423.28 1 0
network-debugger/internal/infrastructure/httpapi/forwardproxy.go:423.28,425.7 1 0
network-debugger/internal/infrastructure/httpapi/forwardproxy.go:426.6,426.25 1 0
network-debugger/internal/infrastructure/httpapi/forwardproxy.go:426.25,428.81 2 0
network-debugger/internal/infrastructure/httpapi/forwardproxy.go:428.81,429.68 1 0
network-debugger/internal/infrastructure/httpapi/forwardproxy.go:429.68,432.9 2 0
network-debugger/internal/infrastructure/httpapi/forwardproxy.go:432.14,434.9 1 0
network-debugger/internal/infrastructure/httpapi/forwardproxy.go:435.13,437.8 1 0
network-debugger/internal/infrastructure/httpapi/forwardproxy.go:438.7,441.71 4 0
network-debugger/internal/infrastructure/httpapi/forwardproxy.go:447.4,447.44 1 0
network-debugger/internal/infrastructure/httpapi/forwardproxy.go:447.44,449.5 1 0
network-debugger/internal/infrastructure/httpapi/forwardproxy.go:451.4,452.18 2 0
network-debugger/internal/infrastructure/httpapi/forwardproxy.go:452.18,454.5 1 0
network-debugger/internal/infrastructure/httpapi/forwardproxy.go:456.4,463.113 6 0
network-debugger/internal/infrastructure/httpapi/forwardproxy.go:463.113,466.5 2 0
network-debugger/internal/infrastructure/httpapi/forwardproxy.go:468.4,468.45 1 0
network-debugger/internal/infrastructure/httpapi/forwardproxy.go:468.45,470.5 1 0
network-debugger/internal/infrastructure/httpapi/forwardproxy.go:473.4,473.82 1 0
network-debugger/internal/infrastructure/httpapi/forwardproxy.go:473.82,475.25 2 0
network-debugger/internal/infrastructure/httpapi/forwardproxy.go:475.25,477.18 2 0
network-debugger/internal/infrastructure/httpapi/forwardproxy.go:477.18,479.7 1 0
network-debugger/internal/infrastructure/httpapi/forwardproxy.go:480.6,481.52 2 0
network-debugger/internal/infrastructure/httpapi/forwardproxy.go:481.52,484.7 2 0
network-debugger/internal/infrastructure/httpapi/forwardproxy.go:486.5,487.130 2 0
network-debugger/internal/infrastructure/httpapi/forwardproxy.go:487.130,488.24 1 0
network-debugger/internal/infrastructure/httpapi/forwardproxy.go:488.24,490.56 2 0
network-debugger/internal/infrastructure/httpapi/forwardproxy.go:490.56,492.8 1 0
network-debugger/internal/infrastructure/httpapi/forwardproxy.go:492.13,494.8 1 0
network-debugger/internal/infrastructure/httpapi/forwardproxy.go:496.6,496.28 1 0
network-debugger/internal/infrastructure/httpapi/forwardproxy.go:496.28,498.7 1 0
network-debugger/internal/infrastructure/httpapi/forwardproxy.go:499.6,499.25 1 0
network-debugger/internal/infrastructure/httpapi/forwardproxy.go:499.25,504.7 4 0
network-debugger/internal/infrastructure/httpapi/forwardproxy.go:508.4,508.56 1 0
network-debugger/internal/infrastructure/httpapi/forwardproxy.go:508.56,513.5 3 0
network-debugger/internal/infrastructure/httpapi/forwardproxy.go:518.81,536.46 11 1
network-debugger/internal/infrastructure/httpapi/forwardproxy.go:536.46,538.3 1 1
network-debugger/internal/infrastructure/httpapi/forwardproxy.go:539.2,539.18 1 1
network-debugger/internal/infrastructure/httpapi/forwardproxy.go:539.18,541.3 1 0
network-debugger/internal/infrastructure/httpapi/forwardproxy.go:541.8,543.3 1 1
network-debugger/internal/infrastructure/httpapi/forwardproxy.go:544.2,548.24 3 1
network-debugger/internal/infrastructure/httpapi/forwardproxy.go:548.24,550.20 2 1
network-debugger/internal/infrastructure/httpapi/forwardproxy.go:550.20,552.4 1 1
network-debugger/internal/infrastructure/httpapi/forwardproxy.go:553.3,553.23 1 1
network-debugger/internal/infrastructure/httpapi/forwardproxy.go:553.23,555.4 1 0
network-debugger/internal/infrastructure/httpapi/forwardproxy.go:556.3,558.12 3 1
network-debugger/internal/infrastructure/httpapi/forwardproxy.go:558.12,561.4 2 1
network-debugger/internal/infrastructure/httpapi/forwardproxy.go:564.2,573.20 8 1
network-debugger/internal/infrastructure/httpapi/forwardproxy.go:573.20,574.49 1 0
network-debugger/internal/infrastructure/httpapi/forwardproxy.go:574.49,575.27 1 0
network-debugger/internal/infrastructure/httpapi/forwardproxy.go:575.27,578.61 2 0
network-debugger/internal/infrastructure/httpapi/forwardproxy.go:578.61,580.6 1 0
network-debugger/internal/infrastructure/httpapi/forwardproxy.go:580.11,580.68 1 0
network-debugger/internal/infrastructure/httpapi/forwardproxy.go:580.68,582.6 1 0
network-debugger/internal/infrastructure/httpapi/forwardproxy.go:584.5,585.38 2 0
network-debugger/internal/infrastructure/httpapi/forwardproxy.go:585.38,587.6 1 0
network-debugger/internal/infrastructure/httpapi/forwardproxy.go:587.11,587.32 1 0
network-debugger/internal/infrastructure/httpapi/forwardproxy.go:587.32,589.6 1 0
network-debugger/internal/infrastructure/httpapi/forwardproxy.go:589.11,591.6 1 0
network-debugger/internal/infrastructure/httpapi/forwardproxy.go:592.5,601.65 9 0
network-debugger/internal/infrastructure/httpapi/forwardproxy.go:601.65,603.6 1 0
network-debugger/internal/infrastructure/httpapi/forwardproxy.go:604.5,611.25 6 0
network-debugger/internal/infrastructure/httpapi/forwardproxy.go:611.25,613.6 1 0
network-debugger/internal/infrastructure/httpapi/forwardproxy.go:614.5,617.11 4 0
network-debugger/internal/infrastructure/httpapi/forwardproxy.go:620.4,620.54 1 0
network-debugger/internal/infrastructure/httpapi/forwardproxy.go:620.54,622.26 2 0
network-debugger/internal/infrastructure/httpapi/forwardproxy.go:622.26,624.6 1 0
network-debugger/internal/infrastructure/httpapi/forwardproxy.go:626.5,627.65 2 0
network-debugger/internal/infrastructure/httpapi/forwardproxy.go:627.65,629.6 1 0
network-debugger/internal/infrastructure/httpapi/forwardproxy.go:635.2,635.79 1 1
network-debugger/internal/infrastructure/httpapi/forwardproxy.go:635.79,637.72 2 1
network-debugger/internal/infrastructure/httpapi/forwardproxy.go:637.72,639.4 1 0
network-debugger/internal/infrastructure/httpapi/forwardproxy.go:640.3,643.119 4 1
network-debugger/internal/infrastructure/httpapi/forwardproxy.go:643.119,644.45 1 1
network-debugger/internal/infrastructure/httpapi/forwardproxy.go:644.45,650.5 5 1
network-debugger/internal/infrastructure/httpapi/forwardproxy.go:651.4,651.24 1 0
network-debugger/internal/infrastructure/httpapi/forwardproxy.go:651.24,653.5 1 0
network-debugger/internal/infrastructure/httpapi/forwardproxy.go:654.4,654.21 1 0
network-debugger/internal/infrastructure/httpapi/forwardproxy.go:654.21,655.49 1 0
network-debugger/internal/infrastructure/httpapi/forwardproxy.go:655.49,656.40 1 0
network-debugger/internal/infrastructure/httpapi/forwardproxy.go:656.40,659.7 2 0
network-debugger/internal/infrastructure/httpapi/forwardproxy.go:659.12,665.7 4 0
network-debugger/internal/infrastructure/httpapi/forwardproxy.go:668.4,668.26 1 0
network-debugger/internal/infrastructure/httpapi/forwardproxy.go:668.26,670.5 1 0
network-debugger/internal/infrastructure/httpapi/forwardproxy.go:671.4,671.23 1 0
network-debugger/internal/infrastructure/httpapi/forwardproxy.go:671.23,673.79 2 0
network-debugger/internal/infrastructure/httpapi/forwardproxy.go:673.79,674.66 1 0
network-debugger/internal/infrastructure/httpapi/forwardproxy.go:674.66,677.7 2 0
network-debugger/internal/infrastructure/httpapi/forwardproxy.go:677.12,679.7 1 0
network-debugger/internal/infrastructure/httpapi/forwardproxy.go:680.11,682.6 1 0
network-debugger/internal/infrastructure/httpapi/forwardproxy.go:683.5,686.72 4 0
network-debugger/internal/infrastructure/httpapi/forwardproxy.go:692.2,692.111 1 1
network-debugger/internal/infrastructure/httpapi/forwardproxy.go:692.111,695.3 2 0
network-debugger/internal/infrastructure/httpapi/forwardproxy.go:698.2,700.16 3 1
network-debugger/internal/infrastructure/httpapi/forwardproxy.go:700.16,706.3 5 1
network-debugger/internal/infrastructure/httpapi/forwardproxy.go:707.2,710.111 2 1
network-debugger/internal/infrastructure/httpapi/forwardproxy.go:710.111,713.3 2 0
network-debugger/internal/infrastructure/httpapi/forwardproxy.go:716.2,723.80 6 1
network-debugger/internal/infrastructure/httpapi/forwardproxy.go:723.80,725.23 2 0
network-debugger/internal/infrastructure/httpapi/forwardproxy.go:725.23,727.16 2 0
network-debugger/internal/infrastructure/httpapi/forwardproxy.go:727.16,729.5 1 0
network-debugger/internal/infrastructure/httpapi/forwardproxy.go:730.4,731.50 2 0
network-debugger/internal/infrastructure/httpapi/forwardproxy.go:731.50,734.5 2 0
network-debugger/internal/infrastructure/httpapi/forwardproxy.go:736.3,739.118 4 0
network-debugger/internal/infrastructure/httpapi/forwardproxy.go:739.118,740.22 1 0
network-debugger/internal/infrastructure/httpapi/forwardproxy.go:740.22,742.54 2 0
network-debugger/internal/infrastructure/httpapi/forwardproxy.go:742.54,744.6 1 0
network-debugger/internal/infrastructure/httpapi/forwardproxy.go:744.11,746.6 1 0
network-debugger/internal/infrastructure/httpapi/forwardproxy.go:748.4,748.26 1 0
network-debugger/internal/infrastructure/httpapi/forwardproxy.go:748.26,750.5 1 0
network-debugger/internal/infrastructure/httpapi/forwardproxy.go:751.4,751.23 1 0
network-debugger/internal/infrastructure/httpapi/forwardproxy.go:751.23,753.79 2 0
network-debugger/internal/infrastructure/httpapi/forwardproxy.go:753.79,754.66 1 0
network-debugger/internal/infrastructure/httpapi/forwardproxy.go:754.66,757.7 2 0
network-debugger/internal/infrastructure/httpapi/forwardproxy.go:757.12,759.7 1 0
network-debugger/internal/infrastructure/httpapi/forwardproxy.go:760.11,762.6 1 0
network-debugger/internal/infrastructure/httpapi/forwardproxy.go:763.5,765.70 3 0
network-debugger/internal/infrastructure/httpapi/forwardproxy.go:771.2,778.22 7 1
network-debugger/internal/infrastructure/httpapi/forwardproxy.go:778.22,780.3 1 1
network-debugger/internal/infrastructure/httpapi/forwardproxy.go:782.2,784.32 3 1
network-debugger/internal/infrastructure/httpapi/forwardproxy.go:787.45,789.23 2 1
network-debugger/internal/infrastructure/httpapi/forwardproxy.go:789.23,793.3 3 1
network-debugger/internal/infrastructure/httpapi/forwardproxy.go:794.2,794.12 1 1
network-debugger/internal/infrastructure/httpapi/forwardproxy.go:797.51,798.25 1 1
network-debugger/internal/infrastructure/httpapi/forwardproxy.go:798.25,799.24 1 1
network-debugger/internal/infrastructure/httpapi/forwardproxy.go:799.24,801.4 1 1
network-debugger/internal/infrastructure/httpapi/forwardproxy.go:811.51,812.16 1 1
network-debugger/internal/infrastructure/httpapi/forwardproxy.go:812.16,814.20 2 1
network-debugger/internal/infrastructure/httpapi/forwardproxy.go:814.20,816.13 2 1
network-debugger/internal/infrastructure/httpapi/forwardproxy.go:816.13,818.5 1 0
network-debugger/internal/infrastructure/httpapi/forwardproxy.go:820.9,820.33 1 1
network-debugger/internal/infrastructure/httpapi/forwardproxy.go:820.33,822.4 1 1
network-debugger/internal/infrastructure/httpapi/forwardproxy.go:824.2,824.23 1 1
network-debugger/internal/infrastructure/httpapi/forwardproxy.go:828.35,829.40 1 1
network-debugger/internal/infrastructure/httpapi/forwardproxy.go:829.40,831.3 1 1
network-debugger/internal/infrastructure/httpapi/forwardproxy.go:832.2,832.14 1 1
network-debugger/internal/infrastructure/httpapi/har.go:38.93,42.6 3 1
network-debugger/internal/infrastructure/httpapi/har.go:42.6,44.17 2 1
network-debugger/internal/infrastructure/httpapi/har.go:44.17,47.4 2 0
network-debugger/internal/infrastructure/httpapi/har.go:48.3,48.26 1 1
network-debugger/internal/infrastructure/httpapi/har.go:48.26,55.4 1 1
network-debugger/internal/infrastructure/httpapi/har.go:56.3,56.17 1 1
network-debugger/internal/infrastructure/httpapi/har.go:56.17,57.9 1 1
network-debugger/internal/infrastructure/httpapi/har.go:59.3,59.14 1 0
network-debugger/internal/infrastructure/httpapi/har.go:61.2,66.36 4 1
network-debugger/internal/infrastructure/httpapi/httpproxy.go:34.72,36.27 1 1
network-debugger/internal/infrastructure/httpapi/httpproxy.go:36.27,39.3 2 0
network-debugger/internal/infrastructure/httpapi/httpproxy.go:40.2,41.15 2 1
network-debugger/internal/infrastructure/httpapi/httpproxy.go:41.15,43.32 1 1
network-debugger/internal/infrastructure/httpapi/httpproxy.go:43.32,45.4 1 1
network-debugger/internal/infrastructure/httpapi/httpproxy.go:45.9,48.4 2 1
network-debugger/internal/infrastructure/httpapi/httpproxy.go:50.2,51.63 2 1
network-debugger/internal/infrastructure/httpapi/httpproxy.go:51.63,54.3 2 0
network-debugger/internal/infrastructure/httpapi/httpproxy.go:57.2,58.45 2 1
network-debugger/internal/infrastructure/httpapi/httpproxy.go:58.45,60.3 1 1
network-debugger/internal/infrastructure/httpapi/httpproxy.go:61.2,63.53 2 1
network-debugger/internal/infrastructure/httpapi/httpproxy.go:63.53,65.3 1 0
network-debugger/internal/infrastructure/httpapi/httpproxy.go:66.2,68.18 2 1
network-debugger/internal/infrastructure/httpapi/httpproxy.go:68.18,70.3 1 1
network-debugger/internal/infrastructure/httpapi/httpproxy.go:76.2,83.31 6 1
network-debugger/internal/infrastructure/httpapi/httpproxy.go:83.31,85.24 2 1
network-debugger/internal/infrastructure/httpapi/httpproxy.go:85.24,87.4 1 1
network-debugger/internal/infrastructure/httpapi/httpproxy.go:89.2,89.37 1 1
network-debugger/internal/infrastructure/httpapi/httpproxy.go:89.37,92.24 2 1
network-debugger/internal/infrastructure/httpapi/httpproxy.go:92.24,94.4 1 1
network-debugger/internal/infrastructure/httpapi/httpproxy.go:96.2,97.29 2 1
network-debugger/internal/infrastructure/httpapi/httpproxy.go:97.29,100.3 1 1
network-debugger/internal/infrastructure/httpapi/httpproxy.go:103.2,104.72 2 1
network-debugger/internal/infrastructure/httpapi/httpproxy.go:104.72,106.77 2 1
network-debugger/internal/infrastructure/httpapi/httpproxy.go:106.77,108.4 1 1
network-debugger/internal/infrastructure/httpapi/httpproxy.go:110.2,111.68 2 1
network-debugger/internal/infrastructure/httpapi/httpproxy.go:111.68,113.33 2 1
network-debugger/internal/infrastructure/httpapi/httpproxy.go:113.33,115.4 1 1
network-debugger/internal/infrastructure/httpapi/httpproxy.go:116.3,116.32 1 1
network-debugger/internal/infrastructure/httpapi/httpproxy.go:116.32,118.4 1 0
network-debugger/internal/infrastructure/httpapi/httpproxy.go:121.2,140.56 5 1
network-debugger/internal/infrastructure/httpapi/httpproxy.go:140.56,143.3 2 0
network-debugger/internal/infrastructure/httpapi/httpproxy.go:144.2,149.20 4 1
network-debugger/internal/infrastructure/httpapi/httpproxy.go:149.20,154.50 5 1
network-debugger/internal/infrastructure/httpapi/httpproxy.go:154.50,155.27 1 0
network-debugger/internal/infrastructure/httpapi/httpproxy.go:155.27,157.61 2 0
network-debugger/internal/infrastructure/httpapi/httpproxy.go:157.61,159.6 1 0
network-debugger/internal/infrastructure/httpapi/httpproxy.go:159.11,159.68 1 0
network-debugger/internal/infrastructure/httpapi/httpproxy.go:159.68,161.6 1 0
network-debugger/internal/infrastructure/httpapi/httpproxy.go:162.5,163.38 2 0
network-debugger/internal/infrastructure/httpapi/httpproxy.go:163.38,165.6 1 0
network-debugger/internal/infrastructure/httpapi/httpproxy.go:165.11,165.32 1 0
network-debugger/internal/infrastructure/httpapi/httpproxy.go:165.32,167.6 1 0
network-debugger/internal/infrastructure/httpapi/httpproxy.go:167.11,169.6 1 0
network-debugger/internal/infrastructure/httpapi/httpproxy.go:170.5,180.65 10 0
network-debugger/internal/infrastructure/httpapi/httpproxy.go:180.65,182.6 1 0
network-debugger/internal/infrastructure/httpapi/httpproxy.go:183.5,189.25 6 0
network-debugger/internal/infrastructure/httpapi/httpproxy.go:189.25,191.6 1 0
network-debugger/internal/infrastructure/httpapi/httpproxy.go:192.5,195.11 4 0
network-debugger/internal/infrastructure/httpapi/httpproxy.go:197.4,197.54 1 0
network-debugger/internal/infrastructure/httpapi/httpproxy.go:197.54,202.65 4 0
network-debugger/internal/infrastructure/httpapi/httpproxy.go:202.65,204.6 1 0
network-debugger/internal/infrastructure/httpapi/httpproxy.go:210.2,210.38 1 1
network-debugger/internal/infrastructure/httpapi/httpproxy.go:210.38,212.25 2 1
network-debugger/internal/infrastructure/httpapi/httpproxy.go:212.26,214.4 0 0
network-debugger/internal/infrastructure/httpapi/httpproxy.go:214.9,216.4 1 1
network-debugger/internal/infrastructure/httpapi/httpproxy.go:218.3,220.59 2 1
network-debugger/internal/infrastructure/httpapi/httpproxy.go:223.2,231.51 5 1
network-debugger/internal/infrastructure/httpapi/httpproxy.go:231.51,233.113 1 1
network-debugger/internal/infrastructure/httpapi/httpproxy.go:233.113,236.5 2 0
network-debugger/internal/infrastructure/httpapi/httpproxy.go:238.4,243.74 4 1
network-debugger/internal/infrastructure/httpapi/httpproxy.go:243.74,244.35 1 0
network-debugger/internal/infrastructure/httpapi/httpproxy.go:244.35,246.6 1 0
network-debugger/internal/infrastructure/httpapi/httpproxy.go:250.4,250.64 1 1
network-debugger/internal/infrastructure/httpapi/httpproxy.go:250.64,252.5 1 0
network-debugger/internal/infrastructure/httpapi/httpproxy.go:254.4,254.55 1 1
network-debugger/internal/infrastructure/httpapi/httpproxy.go:254.55,256.18 2 0
network-debugger/internal/infrastructure/httpapi/httpproxy.go:256.18,257.49 1 0
network-debugger/internal/infrastructure/httpapi/httpproxy.go:257.49,259.23 2 0
network-debugger/internal/infrastructure/httpapi/httpproxy.go:259.23,261.8 1 0
network-debugger/internal/infrastructure/httpapi/httpproxy.go:262.7,267.44 5 0
network-debugger/internal/infrastructure/httpapi/httpproxy.go:267.44,269.57 1 0
network-debugger/internal/infrastructure/httpapi/httpproxy.go:269.57,270.35 1 0
network-debugger/internal/infrastructure/httpapi/httpproxy.go:270.35,271.31 1 0
network-debugger/internal/infrastructure/httpapi/httpproxy.go:271.31,273.11 1 0
network-debugger/internal/infrastructure/httpapi/httpproxy.go:277.7,278.53 2 0
network-debugger/internal/infrastructure/httpapi/httpproxy.go:283.4,283.82 1 1
network-debugger/internal/infrastructure/httpapi/httpproxy.go:283.82,285.25 2 1
network-debugger/internal/infrastructure/httpapi/httpproxy.go:285.25,287.18 2 1
network-debugger/internal/infrastructure/httpapi/httpproxy.go:287.18,289.7 1 0
network-debugger/internal/infrastructure/httpapi/httpproxy.go:290.6,291.52 2 1
network-debugger/internal/infrastructure/httpapi/httpproxy.go:291.52,294.7 2 1
network-debugger/internal/infrastructure/httpapi/httpproxy.go:297.5,300.120 4 1
network-debugger/internal/infrastructure/httpapi/httpproxy.go:300.120,301.24 1 1
network-debugger/internal/infrastructure/httpapi/httpproxy.go:301.24,303.56 2 0
network-debugger/internal/infrastructure/httpapi/httpproxy.go:303.56,305.8 1 0
network-debugger/internal/infrastructure/httpapi/httpproxy.go:305.13,307.8 1 0
network-debugger/internal/infrastructure/httpapi/httpproxy.go:309.6,309.28 1 1
network-debugger/internal/infrastructure/httpapi/httpproxy.go:309.28,311.7 1 0
network-debugger/internal/infrastructure/httpapi/httpproxy.go:312.6,312.25 1 1
network-debugger/internal/infrastructure/httpapi/httpproxy.go:312.25,314.81 2 1
network-debugger/internal/infrastructure/httpapi/httpproxy.go:314.81,315.68 1 0
network-debugger/internal/infrastructure/httpapi/httpproxy.go:315.68,318.9 2 0
network-debugger/internal/infrastructure/httpapi/httpproxy.go:318.14,320.9 1 0
network-debugger/internal/infrastructure/httpapi/httpproxy.go:321.13,323.8 1 1
network-debugger/internal/infrastructure/httpapi/httpproxy.go:324.7,326.72 3 1
network-debugger/internal/infrastructure/httpapi/httpproxy.go:332.4,361.55 15 1
network-debugger/internal/infrastructure/httpapi/httpproxy.go:361.55,363.5 1 1
network-debugger/internal/infrastructure/httpapi/httpproxy.go:365.4,365.27 1 1
network-debugger/internal/infrastructure/httpapi/httpproxy.go:365.27,366.99 1 1
network-debugger/internal/infrastructure/httpapi/httpproxy.go:366.99,369.6 2 1
network-debugger/internal/infrastructure/httpapi/httpproxy.go:371.4,373.14 3 1
network-debugger/internal/infrastructure/httpapi/httpproxy.go:375.76,405.4 6 1
network-debugger/internal/infrastructure/httpapi/httpproxy.go:409.2,415.3 5 1
network-debugger/internal/infrastructure/httpapi/httpproxy.go:418.2,419.19 2 1
network-debugger/internal/infrastructure/httpapi/httpproxy.go:419.19,421.20 2 1
network-debugger/internal/infrastructure/httpapi/httpproxy.go:421.20,423.4 1 1
network-debugger/internal/infrastructure/httpapi/httpproxy.go:424.3,424.23 1 1
network-debugger/internal/infrastructure/httpapi/httpproxy.go:424.23,426.4 1 0
network-debugger/internal/infrastructure/httpapi/httpproxy.go:427.3,429.12 3 1
network-debugger/internal/infrastructure/httpapi/httpproxy.go:429.12,432.4 2 1
network-debugger/internal/infrastructure/httpapi/httpproxy.go:435.2,435.42 1 1
network-debugger/internal/infrastructure/httpapi/httpproxy.go:435.42,436.93 1 1
network-debugger/internal/infrastructure/httpapi/httpproxy.go:436.93,440.43 2 1
network-debugger/internal/infrastructure/httpapi/httpproxy.go:440.43,442.5 1 1
network-debugger/internal/infrastructure/httpapi/httpproxy.go:446.2,459.79 8 1
network-debugger/internal/infrastructure/httpapi/httpproxy.go:459.79,461.72 2 0
network-debugger/internal/infrastructure/httpapi/httpproxy.go:461.72,463.4 1 0
network-debugger/internal/infrastructure/httpapi/httpproxy.go:464.3,467.114 4 0
network-debugger/internal/infrastructure/httpapi/httpproxy.go:467.114,468.45 1 0
network-debugger/internal/infrastructure/httpapi/httpproxy.go:468.45,474.5 5 0
network-debugger/internal/infrastructure/httpapi/httpproxy.go:475.4,475.24 1 0
network-debugger/internal/infrastructure/httpapi/httpproxy.go:475.24,477.5 1 0
network-debugger/internal/infrastructure/httpapi/httpproxy.go:478.4,478.26 1 0
network-debugger/internal/infrastructure/httpapi/httpproxy.go:478.26,480.5 1 0
network-debugger/internal/infrastructure/httpapi/httpproxy.go:481.4,481.23 1 0
network-debugger/internal/infrastructure/httpapi/httpproxy.go:481.23,483.79 2 0
network-debugger/internal/infrastructure/httpapi/httpproxy.go:483.79,484.66 1 0
network-debugger/internal/infrastructure/httpapi/httpproxy.go:484.66,487.7 2 0
network-debugger/internal/infrastructure/httpapi/httpproxy.go:487.12,489.7 1 0
network-debugger/internal/infrastructure/httpapi/httpproxy.go:490.11,492.6 1 0
network-debugger/internal/infrastructure/httpapi/httpproxy.go:493.5,496.67 4 0
network-debugger/internal/infrastructure/httpapi/httpproxy.go:502.2,502.106 1 1
network-debugger/internal/infrastructure/httpapi/httpproxy.go:502.106,505.3 2 0
network-debugger/internal/infrastructure/httpapi/httpproxy.go:508.2,509.47 1 1
network-debugger/internal/infrastructure/httpapi/httpproxy.go:509.47,511.4 1 0
network-debugger/internal/infrastructure/httpapi/httpproxy.go:512.44,514.4 1 1
network-debugger/internal/infrastructure/httpapi/httpproxy.go:515.29,517.4 1 0
network-debugger/internal/infrastructure/httpapi/httpproxy.go:518.32,520.4 1 1
network-debugger/internal/infrastructure/httpapi/httpproxy.go:524.2,524.14 1 1
network-debugger/internal/infrastructure/httpapi/httpproxy.go:524.14,525.47 1 1
network-debugger/internal/infrastructure/httpapi/httpproxy.go:525.47,527.4 1 1
network-debugger/internal/infrastructure/httpapi/httpproxy.go:529.3,529.19 1 1
network-debugger/internal/infrastructure/httpapi/httpproxy.go:529.19,531.4 1 0
network-debugger/internal/infrastructure/httpapi/httpproxy.go:531.9,533.4 1 1
network-debugger/internal/infrastructure/httpapi/httpproxy.go:534.3,534.42 1 1
network-debugger/internal/infrastructure/httpapi/httpproxy.go:538.2,539.15 2 1
network-debugger/internal/infrastructure/httpapi/httpproxy.go:539.15,541.3 1 1
network-debugger/internal/infrastructure/httpapi/httpproxy.go:542.2,543.32 2 1
network-debugger/internal/infrastructure/httpapi/httpproxy.go:546.38,548.24 2 1
network-debugger/internal/infrastructure/httpapi/httpproxy.go:548.24,550.3 1 1
network-debugger/internal/infrastructure/httpapi/httpproxy.go:555.67,559.29 3 1
network-debugger/internal/infrastructure/httpapi/httpproxy.go:559.29,560.18 1 1
network-debugger/internal/infrastructure/httpapi/httpproxy.go:560.18,561.12 1 0
network-debugger/internal/infrastructure/httpapi/httpproxy.go:563.3,567.182 3 1
network-debugger/internal/infrastructure/httpapi/httpproxy.go:567.182,569.4 1 1
network-debugger/internal/infrastructure/httpapi/httpproxy.go:569.9,571.4 1 1
network-debugger/internal/infrastructure/httpapi/httpproxy.go:572.3,572.36 1 1
network-debugger/internal/infrastructure/httpapi/httpproxy.go:572.36,574.4 1 1
network-debugger/internal/infrastructure/httpapi/httpproxy.go:577.2,583.35 2 1
network-debugger/internal/infrastructure/httpapi/httpproxy.go:583.35,585.3 1 1
network-debugger/internal/infrastructure/httpapi/httpproxy.go:587.2,588.19 2 1
network-debugger/internal/infrastructure/httpapi/httpproxy.go:588.19,592.70 3 1
network-debugger/internal/infrastructure/httpapi/httpproxy.go:592.70,593.44 1 1
network-debugger/internal/infrastructure/httpapi/httpproxy.go:593.44,595.5 1 1
network-debugger/internal/infrastructure/httpapi/httpproxy.go:599.3,601.64 2 1
network-debugger/internal/infrastructure/httpapi/httpproxy.go:601.64,605.35 2 1
network-debugger/internal/infrastructure/httpapi/httpproxy.go:605.35,607.29 2 1
network-debugger/internal/infrastructure/httpapi/httpproxy.go:607.29,608.27 1 1
network-debugger/internal/infrastructure/httpapi/httpproxy.go:608.27,613.7 1 1
network-debugger/internal/infrastructure/httpapi/httpproxy.go:615.5,618.6 1 1
network-debugger/internal/infrastructure/httpapi/httpproxy.go:620.9,620.57 1 1
network-debugger/internal/infrastructure/httpapi/httpproxy.go:620.57,622.51 1 1
network-debugger/internal/infrastructure/httpapi/httpproxy.go:622.51,626.9 4 1
network-debugger/internal/infrastructure/httpapi/httpproxy.go:626.9,628.20 2 1
network-debugger/internal/infrastructure/httpapi/httpproxy.go:628.20,629.12 1 1
network-debugger/internal/infrastructure/httpapi/httpproxy.go:631.6,640.36 8 1
network-debugger/internal/infrastructure/httpapi/httpproxy.go:640.36,642.7 1 0
network-debugger/internal/infrastructure/httpapi/httpproxy.go:643.6,643.26 1 1
network-debugger/internal/infrastructure/httpapi/httpproxy.go:643.26,645.7 1 0
network-debugger/internal/infrastructure/httpapi/httpproxy.go:646.6,648.24 2 1
network-debugger/internal/infrastructure/httpapi/httpproxy.go:648.24,655.7 1 1
network-debugger/internal/infrastructure/httpapi/httpproxy.go:655.12,665.184 3 1
network-debugger/internal/infrastructure/httpapi/httpproxy.go:665.184,667.8 1 0
network-debugger/internal/infrastructure/httpapi/httpproxy.go:668.7,668.34 1 1
network-debugger/internal/infrastructure/httpapi/httpproxy.go:671.5,671.42 1 1
network-debugger/internal/infrastructure/httpapi/httpproxy.go:671.42,677.6 1 1
network-debugger/internal/infrastructure/httpapi/httpproxy.go:682.3,682.50 1 1
network-debugger/internal/infrastructure/httpapi/httpproxy.go:682.50,683.26 1 1
network-debugger/internal/infrastructure/httpapi/httpproxy.go:683.26,685.5 1 0
network-debugger/internal/infrastructure/httpapi/httpproxy.go:686.4,686.29 1 1
network-debugger/internal/infrastructure/httpapi/httpproxy.go:687.9,688.20 1 1
network-debugger/internal/infrastructure/httpapi/httpproxy.go:688.20,690.5 1 1
network-debugger/internal/infrastructure/httpapi/httpproxy.go:691.4,691.31 1 1
network-debugger/internal/infrastructure/httpapi/httpproxy.go:694.2,695.18 2 1
network-debugger/internal/infrastructure/httpapi/httpproxy.go:698.59,701.32 3 1
network-debugger/internal/infrastructure/httpapi/httpproxy.go:701.32,702.18 1 1
network-debugger/internal/infrastructure/httpapi/httpproxy.go:702.18,703.12 1 0
network-debugger/internal/infrastructure/httpapi/httpproxy.go:705.3,708.168 3 1
network-debugger/internal/infrastructure/httpapi/httpproxy.go:708.168,710.4 1 1
network-debugger/internal/infrastructure/httpapi/httpproxy.go:710.9,712.4 1 1
network-debugger/internal/infrastructure/httpapi/httpproxy.go:713.3,713.36 1 1
network-debugger/internal/infrastructure/httpapi/httpproxy.go:713.36,715.4 1 1
network-debugger/internal/infrastructure/httpapi/httpproxy.go:717.2,722.35 2 1
network-debugger/internal/infrastructure/httpapi/httpproxy.go:722.35,724.3 1 1
network-debugger/internal/infrastructure/httpapi/httpproxy.go:726.2,726.21 1 1
network-debugger/internal/infrastructure/httpapi/httpproxy.go:726.21,734.3 1 1
network-debugger/internal/infrastructure/httpapi/httpproxy.go:736.2,736.67 1 1
network-debugger/internal/infrastructure/httpapi/httpproxy.go:736.67,738.29 2 1
network-debugger/internal/infrastructure/httpapi/httpproxy.go:738.29,740.38 2 1
network-debugger/internal/infrastructure/httpapi/httpproxy.go:740.38,742.5 1 1
network-debugger/internal/infrastructure/httpapi/httpproxy.go:743.4,743.40 1 1
network-debugger/internal/infrastructure/httpapi/httpproxy.go:743.40,745.5 1 1
network-debugger/internal/infrastructure/httpapi/httpproxy.go:746.4,746.44 1 1
network-debugger/internal/infrastructure/httpapi/httpproxy.go:746.44,748.5 1 1
network-debugger/internal/infrastructure/httpapi/httpproxy.go:749.4,749.47 1 1
network-debugger/internal/infrastructure/httpapi/httpproxy.go:749.47,751.5 1 1
network-debugger/internal/infrastructure/httpapi/httpproxy.go:752.4,752.45 1 1
network-debugger/internal/infrastructure/httpapi/httpproxy.go:752.45,754.5 1 1
network-debugger/internal/infrastructure/httpapi/httpproxy.go:756.3,763.4 1 1
network-debugger/internal/infrastructure/httpapi/httpproxy.go:767.2,768.22 2 1
network-debugger/internal/infrastructure/httpapi/httpproxy.go:768.22,772.20 2 1
network-debugger/internal/infrastructure/httpapi/httpproxy.go:772.20,774.4 1 1
network-debugger/internal/infrastructure/httpapi/httpproxy.go:775.3,775.23 1 1
network-debugger/internal/infrastructure/httpapi/httpproxy.go:775.23,777.4 1 0
network-debugger/internal/infrastructure/httpapi/httpproxy.go:778.3,780.12 3 1
network-debugger/internal/infrastructure/httpapi/httpproxy.go:780.12,783.4 2 1
network-debugger/internal/infrastructure/httpapi/httpproxy.go:785.2,786.22 2 1
network-debugger/internal/infrastructure/httpapi/httpproxy.go:786.22,790.70 3 1
network-debugger/internal/infrastructure/httpapi/httpproxy.go:790.70,791.44 1 1
network-debugger/internal/infrastructure/httpapi/httpproxy.go:791.44,793.5 1 1
network-debugger/internal/infrastructure/httpapi/httpproxy.go:795.3,795.50 1 1
network-debugger/internal/infrastructure/httpapi/httpproxy.go:795.50,797.39 2 1
network-debugger/internal/infrastructure/httpapi/httpproxy.go:797.39,799.5 1 0
network-debugger/internal/infrastructure/httpapi/httpproxy.go:800.4,800.31 1 1
network-debugger/internal/infrastructure/httpapi/httpproxy.go:801.9,802.31 1 1
network-debugger/internal/infrastructure/httpapi/httpproxy.go:802.31,804.5 1 0
network-debugger/internal/infrastructure/httpapi/httpproxy.go:805.4,805.31 1 1
network-debugger/internal/infrastructure/httpapi/httpproxy.go:808.2,809.18 2 1
network-debugger/internal/infrastructure/httpapi/httpproxy.go:814.79,816.15 2 1
network-debugger/internal/infrastructure/httpapi/httpproxy.go:816.15,818.3 1 1
network-debugger/internal/infrastructure/httpapi/httpproxy.go:819.2,819.48 1 1
network-debugger/internal/infrastructure/httpapi/httpproxy.go:819.48,821.3 1 0
network-debugger/internal/infrastructure/httpapi/httpproxy.go:822.2,823.16 2 1
network-debugger/internal/infrastructure/httpapi/httpproxy.go:823.16,825.3 1 0
network-debugger/internal/infrastructure/httpapi/httpproxy.go:826.2,826.15 1 1
network-debugger/internal/infrastructure/httpapi/httpproxy.go:826.15,826.31 1 1
network-debugger/internal/infrastructure/httpapi/httpproxy.go:828.2,828.64 1 1
network-debugger/internal/infrastructure/httpapi/httpproxy.go:828.64,831.3 2 0
network-debugger/internal/infrastructure/httpapi/httpproxy.go:832.2,835.17 3 1
network-debugger/internal/infrastructure/httpapi/httpproxy.go:838.38,840.35 2 1
network-debugger/internal/infrastructure/httpapi/httpproxy.go:840.35,843.3 2 1
network-debugger/internal/infrastructure/httpapi/httpproxy.go:844.2,844.11 1 1
network-debugger/internal/infrastructure/httpapi/httpproxy.go:848.74,850.60 2 1
network-debugger/internal/infrastructure/httpapi/httpproxy.go:850.60,852.3 1 1
network-debugger/internal/infrastructure/httpapi/httpproxy.go:853.2,855.16 3 1
network-debugger/internal/infrastructure/httpapi/httpproxy.go:855.16,857.3 1 0
network-debugger/internal/infrastructure/httpapi/httpproxy.go:858.2,858.18 1 1
network-debugger/internal/infrastructure/httpapi/httpproxy.go:862.57,865.13 2 1
network-debugger/internal/infrastructure/httpapi/httpproxy.go:866.14,868.17 2 1
network-debugger/internal/infrastructure/httpapi/httpproxy.go:868.17,870.4 1 1
network-debugger/internal/infrastructure/httpapi/httpproxy.go:871.3,874.17 4 1
network-debugger/internal/infrastructure/httpapi/httpproxy.go:874.17,876.4 1 0
network-debugger/internal/infrastructure/httpapi/httpproxy.go:877.3,877.19 1 1
network-debugger/internal/infrastructure/httpapi/httpproxy.go:878.17,881.16 2 1
network-debugger/internal/infrastructure/httpapi/httpproxy.go:881.16,883.4 1 0
network-debugger/internal/infrastructure/httpapi/httpproxy.go:884.3,887.17 4 1
network-debugger/internal/infrastructure/httpapi/httpproxy.go:887.17,889.4 1 1
network-debugger/internal/infrastructure/httpapi/httpproxy.go:890.3,890.19 1 1
network-debugger/internal/infrastructure/httpapi/httpproxy.go:891.10,893.20 2 1
network-debugger/internal/infrastructure/httpapi/httpproxy.go:898.68,901.26 3 1
network-debugger/internal/infrastructure/httpapi/httpproxy.go:901.26,904.41 3 1
network-debugger/internal/infrastructure/httpapi/httpproxy.go:904.41,907.9 3 1
network-debugger/internal/infrastructure/httpapi/httpproxy.go:910.2,910.20 1 1
network-debugger/internal/infrastructure/httpapi/httpproxy.go:910.20,912.3 1 1
network-debugger/internal/infrastructure/httpapi/httpproxy.go:913.2,913.61 1 1
network-debugger/internal/infrastructure/httpapi/httpproxy.go:917.40,918.11 1 1
network-debugger/internal/infrastructure/httpapi/httpproxy.go:919.24,920.19 1 1
network-debugger/internal/infrastructure/httpapi/httpproxy.go:921.24,922.19 1 1
network-debugger/internal/infrastructure/httpapi/httpproxy.go:923.24,924.19 1 1
network-debugger/internal/infrastructure/httpapi/httpproxy.go:925.24,926.19 1 1
network-debugger/internal/infrastructure/httpapi/httpproxy.go:927.10,928.12 1 1
network-debugger/internal/infrastructure/httpapi/httpproxy.go:932.42,934.12 1 1
network-debugger/internal/infrastructure/httpapi/httpproxy.go:935.34,936.34 1 1
network-debugger/internal/infrastructure/httpapi/httpproxy.go:937.34,938.34 1 1
network-debugger/internal/infrastructure/httpapi/httpproxy.go:939.40,940.40 1 1
network-debugger/internal/infrastructure/httpapi/httpproxy.go:941.49,942.49 1 1
network-debugger/internal/infrastructure/httpapi/httpproxy.go:943.49,944.49 1 1
network-debugger/internal/infrastructure/httpapi/httpproxy.go:945.51,946.51 1 1
network-debugger/internal/infrastructure/httpapi/httpproxy.go:947.51,948.51 1 1
network-debugger/internal/infrastructure/httpapi/httpproxy.go:949.10,950.66 1 1
network-debugger/internal/infrastructure/httpapi/httpproxy.go:954.63,955.21 1 1
network-debugger/internal/infrastructure/httpapi/httpproxy.go:955.21,957.3 1 1
network-debugger/internal/infrastructure/httpapi/httpproxy.go:958.2,959.26 2 1
network-debugger/internal/infrastructure/httpapi/httpproxy.go:959.26,968.3 1 1
network-debugger/internal/infrastructure/httpapi/httpproxy.go:969.2,969.12 1 1
network-debugger/internal/infrastructure/httpapi/httpproxy.go:972.30,973.28 1 1
network-debugger/internal/infrastructure/httpapi/httpproxy.go:973.28,975.3 1 0
network-debugger/internal/infrastructure/httpapi/httpproxy.go:976.2,976.11 1 1
network-debugger/internal/infrastructure/httpapi/httpproxy.go:976.11,978.3 1 1
network-debugger/internal/infrastructure/httpapi/httpproxy.go:979.2,979.15 1 1
network-debugger/internal/infrastructure/httpapi/httpproxy.go:982.53,983.34 1 1
network-debugger/internal/infrastructure/httpapi/httpproxy.go:983.34,985.3 1 1
network-debugger/internal/infrastructure/httpapi/httpproxy.go:986.2,986.47 1 1
network-debugger/internal/infrastructure/httpapi/httpproxy.go:990.46,991.16 1 1
network-debugger/internal/infrastructure/httpapi/httpproxy.go:991.16,993.3 1 1
network-debugger/internal/infrastructure/httpapi/httpproxy.go:994.2,994.10 1 1
network-debugger/internal/infrastructure/httpapi/httpproxy.go:998.49,999.13 1 1
network-debugger/internal/infrastructure/httpapi/httpproxy.go:999.13,1001.3 1 1
network-debugger/internal/infrastructure/httpapi/httpproxy.go:1002.2,1002.25 1 1
network-debugger/internal/infrastructure/httpapi/httpproxy.go:1006.66,1007.16 1 1
network-debugger/internal/infrastructure/httpapi/httpproxy.go:1007.16,1009.3 1 1
network-debugger/internal/infrastructure/httpapi/httpproxy.go:1011.2,1015.47 3 1
network-debugger/internal/infrastructure/httpapi/httpproxy.go:1015.47,1017.3 1 1
network-debugger/internal/infrastructure/httpapi/httpproxy.go:1020.2,1020.57 1 1
network-debugger/internal/infrastructure/httpapi/httpproxy.go:1020.57,1022.3 1 1
network-debugger/internal/infrastructure/httpapi/httpproxy.go:1025.2,1025.51 1 1
network-debugger/internal/infrastructure/httpapi/httpproxy.go:1025.51,1027.30 2 1
network-debugger/internal/infrastructure/httpapi/httpproxy.go:1027.30,1029.4 1 1
network-debugger/internal/infrastructure/httpapi/httpproxy.go:1030.3,1030.41 1 1
network-debugger/internal/infrastructure/httpapi/httpproxy.go:1034.2,1034.108 1 1
network-debugger/internal/infrastructure/httpapi/httpproxy.go:1034.108,1036.3 1 1
network-debugger/internal/infrastructure/httpapi/httpproxy.go:1037.2,1037.94 1 1
network-debugger/internal/infrastructure/httpapi/httpproxy.go:1037.94,1039.3 1 1
network-debugger/internal/infrastructure/httpapi/httpproxy.go:1042.2,1042.90 1 1
network-debugger/internal/infrastructure/httpapi/httpproxy.go:1042.90,1044.3 1 1
network-debugger/internal/infrastructure/httpapi/httpproxy.go:1047.2,1047.61 1 1
network-debugger/internal/infrastructure/httpapi/httpproxy.go:1047.61,1049.3 1 1
network-debugger/internal/infrastructure/httpapi/httpproxy.go:1052.2,1052.55 1 1
network-debugger/internal/infrastructure/httpapi/httpproxy.go:1052.55,1054.3 1 1
network-debugger/internal/infrastructure/httpapi/httpproxy.go:1057.2,1057.97 1 1
network-debugger/internal/infrastructure/httpapi/httpproxy.go:1057.97,1059.3 1 1
network-debugger/internal/infrastructure/httpapi/httpproxy.go:1062.2,1062.33 1 1
network-debugger/internal/infrastructure/httpapi/httpproxy_unified.go:18.75,19.27 1 1
network-debugger/internal/infrastructure/httpapi/httpproxy_unified.go:19.27,22.3 2 1
network-debugger/internal/infrastructure/httpapi/httpproxy_unified.go:23.2,23.25 1 1
network-debugger/internal/infrastructure/httpapi/httpproxy_unified.go:26.47,27.44 1 1
network-debugger/internal/infrastructure/httpapi/httpproxy_unified.go:27.44,29.3 1 1
network-debugger/internal/infrastructure/httpapi/httpproxy_unified.go:31.2,31.92 1 1
network-debugger/internal/infrastructure/httpapi/httpproxy_unified.go:31.92,33.3 1 1
network-debugger/internal/infrastructure/httpapi/httpproxy_unified.go:34.2,34.14 1 1
network-debugger/internal/infrastructure/httpapi/httpproxy_unified.go:38.54,51.21 2 1
network-debugger/internal/infrastructure/httpapi/httpproxy_unified.go:51.21,53.3 1 1
network-debugger/internal/infrastructure/httpapi/httpproxy_unified.go:55.2,56.11 2 1
network-debugger/internal/infrastructure/httpapi/intercept_codec.go:13.88,15.16 2 1
network-debugger/internal/infrastructure/httpapi/intercept_codec.go:15.16,17.3 1 1
network-debugger/internal/infrastructure/httpapi/intercept_codec.go:18.2,18.13 1 1
network-debugger/internal/infrastructure/httpapi/intercept_codec.go:19.14,21.17 2 1
network-debugger/internal/infrastructure/httpapi/intercept_codec.go:21.17,23.4 1 1
network-debugger/internal/infrastructure/httpapi/intercept_codec.go:24.3,27.17 4 1
network-debugger/internal/infrastructure/httpapi/intercept_codec.go:27.17,29.4 1 0
network-debugger/internal/infrastructure/httpapi/intercept_codec.go:30.3,30.19 1 1
network-debugger/internal/infrastructure/httpapi/intercept_codec.go:31.17,33.16 2 1
network-debugger/internal/infrastructure/httpapi/intercept_codec.go:33.16,35.4 1 0
network-debugger/internal/infrastructure/httpapi/intercept_codec.go:36.3,39.17 4 1
network-debugger/internal/infrastructure/httpapi/intercept_codec.go:39.17,41.4 1 0
network-debugger/internal/infrastructure/httpapi/intercept_codec.go:42.3,42.19 1 1
network-debugger/internal/infrastructure/httpapi/intercept_codec.go:43.10,44.21 1 1
network-debugger/internal/infrastructure/httpapi/intercept_codec.go:49.77,51.13 2 1
network-debugger/internal/infrastructure/httpapi/intercept_codec.go:52.14,55.43 3 1
network-debugger/internal/infrastructure/httpapi/intercept_codec.go:55.43,58.4 2 0
network-debugger/internal/infrastructure/httpapi/intercept_codec.go:59.3,59.36 1 1
network-debugger/internal/infrastructure/httpapi/intercept_codec.go:59.36,61.4 1 0
network-debugger/internal/infrastructure/httpapi/intercept_codec.go:62.3,62.27 1 1
network-debugger/internal/infrastructure/httpapi/intercept_codec.go:63.17,66.17 3 1
network-debugger/internal/infrastructure/httpapi/intercept_codec.go:66.17,68.4 1 0
network-debugger/internal/infrastructure/httpapi/intercept_codec.go:69.3,69.43 1 1
network-debugger/internal/infrastructure/httpapi/intercept_codec.go:69.43,72.4 2 0
network-debugger/internal/infrastructure/httpapi/intercept_codec.go:73.3,73.36 1 1
network-debugger/internal/infrastructure/httpapi/intercept_codec.go:73.36,75.4 1 0
network-debugger/internal/infrastructure/httpapi/intercept_codec.go:76.3,76.27 1 1
network-debugger/internal/infrastructure/httpapi/intercept_codec.go:77.10,78.21 1 1
network-debugger/internal/infrastructure/httpapi/intercept_handlers.go:11.54,13.28 1 1
network-debugger/internal/infrastructure/httpapi/intercept_handlers.go:13.28,16.3 1 0
network-debugger/internal/infrastructure/httpapi/intercept_handlers.go:17.2,18.45 2 1
network-debugger/internal/infrastructure/httpapi/intercept_handlers.go:21.77,22.27 1 1
network-debugger/internal/infrastructure/httpapi/intercept_handlers.go:22.27,25.3 2 0
network-debugger/internal/infrastructure/httpapi/intercept_handlers.go:26.2,26.32 1 1
network-debugger/internal/infrastructure/httpapi/intercept_handlers.go:26.32,31.3 4 1
network-debugger/internal/infrastructure/httpapi/intercept_handlers.go:32.2,32.33 1 1
network-debugger/internal/infrastructure/httpapi/intercept_handlers.go:32.33,34.64 2 1
network-debugger/internal/infrastructure/httpapi/intercept_handlers.go:34.64,37.4 2 0
network-debugger/internal/infrastructure/httpapi/intercept_handlers.go:38.3,40.9 3 1
network-debugger/internal/infrastructure/httpapi/intercept_handlers.go:42.2,42.44 1 0
network-debugger/internal/infrastructure/httpapi/intercept_handlers.go:45.78,46.27 1 1
network-debugger/internal/infrastructure/httpapi/intercept_handlers.go:46.27,49.3 2 0
network-debugger/internal/infrastructure/httpapi/intercept_handlers.go:50.2,60.32 2 1
network-debugger/internal/infrastructure/httpapi/intercept_handlers.go:60.32,74.3 4 1
network-debugger/internal/infrastructure/httpapi/intercept_handlers.go:75.2,75.33 1 1
network-debugger/internal/infrastructure/httpapi/intercept_handlers.go:75.33,77.61 2 1
network-debugger/internal/infrastructure/httpapi/intercept_handlers.go:77.61,80.4 2 0
network-debugger/internal/infrastructure/httpapi/intercept_handlers.go:81.3,84.23 4 1
network-debugger/internal/infrastructure/httpapi/intercept_handlers.go:84.23,86.4 1 1
network-debugger/internal/infrastructure/httpapi/intercept_handlers.go:87.3,87.23 1 1
network-debugger/internal/infrastructure/httpapi/intercept_handlers.go:87.23,89.4 1 1
network-debugger/internal/infrastructure/httpapi/intercept_handlers.go:90.3,90.26 1 1
network-debugger/internal/infrastructure/httpapi/intercept_handlers.go:90.26,92.4 1 0
network-debugger/internal/infrastructure/httpapi/intercept_handlers.go:93.3,94.43 2 1
network-debugger/internal/infrastructure/httpapi/intercept_handlers.go:94.43,96.4 1 0
network-debugger/internal/infrastructure/httpapi/intercept_handlers.go:97.3,98.9 2 1
network-debugger/internal/infrastructure/httpapi/intercept_handlers.go:100.2,100.44 1 0
network-debugger/internal/infrastructure/httpapi/intercept_handlers.go:103.79,104.27 1 1
network-debugger/internal/infrastructure/httpapi/intercept_handlers.go:104.27,107.3 2 0
network-debugger/internal/infrastructure/httpapi/intercept_handlers.go:108.2,108.32 1 1
network-debugger/internal/infrastructure/httpapi/intercept_handlers.go:108.32,111.3 2 0
network-debugger/internal/infrastructure/httpapi/intercept_handlers.go:112.2,113.65 2 1
network-debugger/internal/infrastructure/httpapi/intercept_handlers.go:113.65,114.44 1 0
network-debugger/internal/infrastructure/httpapi/intercept_handlers.go:114.44,116.4 1 0
network-debugger/internal/infrastructure/httpapi/intercept_handlers.go:118.2,120.38 3 1
network-debugger/internal/infrastructure/httpapi/intercept_handlers.go:123.76,124.27 1 1
network-debugger/internal/infrastructure/httpapi/intercept_handlers.go:124.27,127.3 2 0
network-debugger/internal/infrastructure/httpapi/intercept_handlers.go:128.2,129.42 2 1
network-debugger/internal/infrastructure/httpapi/intercept_handlers.go:129.42,132.3 2 0
network-debugger/internal/infrastructure/httpapi/intercept_handlers.go:133.2,135.39 3 1
network-debugger/internal/infrastructure/httpapi/intercept_handlers.go:135.39,138.3 2 0
network-debugger/internal/infrastructure/httpapi/intercept_handlers.go:139.2,141.20 3 1
network-debugger/internal/infrastructure/httpapi/intercept_handlers.go:141.20,143.3 1 1
network-debugger/internal/infrastructure/httpapi/intercept_handlers.go:145.2,145.48 1 1
network-debugger/internal/infrastructure/httpapi/intercept_handlers.go:145.48,146.47 1 0
network-debugger/internal/infrastructure/httpapi/intercept_handlers.go:146.47,150.4 3 0
network-debugger/internal/infrastructure/httpapi/intercept_handlers.go:151.3,152.9 2 0
network-debugger/internal/infrastructure/httpapi/intercept_handlers.go:155.2,155.57 1 1
network-debugger/internal/infrastructure/httpapi/intercept_handlers.go:155.57,157.10 2 1
network-debugger/internal/infrastructure/httpapi/intercept_handlers.go:157.10,160.4 2 0
network-debugger/internal/infrastructure/httpapi/intercept_handlers.go:161.3,161.33 1 1
network-debugger/internal/infrastructure/httpapi/intercept_handlers.go:161.33,169.67 2 1
network-debugger/internal/infrastructure/httpapi/intercept_handlers.go:169.67,172.5 2 0
network-debugger/internal/infrastructure/httpapi/intercept_handlers.go:173.4,174.29 2 1
network-debugger/internal/infrastructure/httpapi/intercept_handlers.go:174.29,175.79 1 0
network-debugger/internal/infrastructure/httpapi/intercept_handlers.go:175.79,177.6 1 0
network-debugger/internal/infrastructure/httpapi/intercept_handlers.go:179.4,180.11 2 1
network-debugger/internal/infrastructure/httpapi/intercept_handlers.go:180.11,183.5 2 0
network-debugger/internal/infrastructure/httpapi/intercept_handlers.go:184.4,185.10 2 1
network-debugger/internal/infrastructure/httpapi/intercept_handlers.go:188.3,194.66 2 0
network-debugger/internal/infrastructure/httpapi/intercept_handlers.go:194.66,197.4 2 0
network-debugger/internal/infrastructure/httpapi/intercept_handlers.go:198.3,199.28 2 0
network-debugger/internal/infrastructure/httpapi/intercept_handlers.go:199.28,200.78 1 0
network-debugger/internal/infrastructure/httpapi/intercept_handlers.go:200.78,202.5 1 0
network-debugger/internal/infrastructure/httpapi/intercept_handlers.go:204.3,205.10 2 0
network-debugger/internal/infrastructure/httpapi/intercept_handlers.go:205.10,208.4 2 0
network-debugger/internal/infrastructure/httpapi/intercept_handlers.go:209.3,210.9 2 0
network-debugger/internal/infrastructure/httpapi/intercept_handlers.go:213.2,213.55 1 0
network-debugger/internal/infrastructure/httpapi/intercept_handlers.go:213.55,214.42 1 0
network-debugger/internal/infrastructure/httpapi/intercept_handlers.go:214.42,217.4 2 0
network-debugger/internal/infrastructure/httpapi/intercept_handlers.go:218.3,219.9 2 0
network-debugger/internal/infrastructure/httpapi/intercept_handlers.go:222.2,222.36 1 0
network-debugger/internal/infrastructure/httpapi/intercept_manager.go:39.111,48.2 1 1
network-debugger/internal/infrastructure/httpapi/intercept_manager.go:51.65,56.26 4 1
network-debugger/internal/infrastructure/httpapi/intercept_manager.go:56.26,57.17 1 1
network-debugger/internal/infrastructure/httpapi/intercept_manager.go:57.17,59.4 1 1
network-debugger/internal/infrastructure/httpapi/intercept_manager.go:60.3,60.23 1 1
network-debugger/internal/infrastructure/httpapi/intercept_manager.go:62.2,62.38 1 1
network-debugger/internal/infrastructure/httpapi/intercept_manager.go:62.38,62.82 1 0
network-debugger/internal/infrastructure/httpapi/intercept_manager.go:63.2,63.15 1 1
network-debugger/internal/infrastructure/httpapi/intercept_manager.go:66.58,72.2 5 1
network-debugger/internal/infrastructure/httpapi/intercept_manager.go:74.69,77.40 3 1
network-debugger/internal/infrastructure/httpapi/intercept_manager.go:77.40,79.3 1 1
network-debugger/internal/infrastructure/httpapi/intercept_manager.go:80.2,81.29 2 1
network-debugger/internal/infrastructure/httpapi/intercept_manager.go:81.29,82.43 1 1
network-debugger/internal/infrastructure/httpapi/intercept_manager.go:82.43,84.4 1 1
network-debugger/internal/infrastructure/httpapi/intercept_manager.go:86.2,86.12 1 1
network-debugger/internal/infrastructure/httpapi/intercept_manager.go:90.72,93.64 3 1
network-debugger/internal/infrastructure/httpapi/intercept_manager.go:93.64,95.3 1 1
network-debugger/internal/infrastructure/httpapi/intercept_manager.go:96.2,96.31 1 0
network-debugger/internal/infrastructure/httpapi/intercept_manager.go:100.35,102.16 2 1
network-debugger/internal/infrastructure/httpapi/intercept_manager.go:102.16,104.3 1 1
network-debugger/internal/infrastructure/httpapi/intercept_manager.go:105.2,106.61 2 1
network-debugger/internal/infrastructure/httpapi/intercept_manager.go:110.70,113.18 3 1
network-debugger/internal/infrastructure/httpapi/intercept_manager.go:113.18,115.3 1 0
network-debugger/internal/infrastructure/httpapi/intercept_manager.go:116.2,116.44 1 1
network-debugger/internal/infrastructure/httpapi/intercept_manager.go:116.44,119.36 3 1
network-debugger/internal/infrastructure/httpapi/intercept_manager.go:119.36,121.4 1 1
network-debugger/internal/infrastructure/httpapi/intercept_manager.go:122.3,124.10 2 1
network-debugger/internal/infrastructure/httpapi/intercept_manager.go:125.34,125.34 0 1
network-debugger/internal/infrastructure/httpapi/intercept_manager.go:126.11,126.11 0 0
network-debugger/internal/infrastructure/httpapi/intercept_manager.go:128.3,128.23 1 1
network-debugger/internal/infrastructure/httpapi/intercept_manager.go:128.23,130.4 1 1
network-debugger/internal/infrastructure/httpapi/intercept_manager.go:131.3,131.23 1 1
network-debugger/internal/infrastructure/httpapi/intercept_manager.go:131.23,133.4 1 1
network-debugger/internal/infrastructure/httpapi/intercept_manager.go:135.2,137.76 2 1
network-debugger/internal/infrastructure/httpapi/intercept_manager.go:137.76,138.61 1 1
network-debugger/internal/infrastructure/httpapi/intercept_manager.go:138.61,139.24 1 0
network-debugger/internal/infrastructure/httpapi/intercept_manager.go:139.24,142.5 2 0
network-debugger/internal/infrastructure/httpapi/intercept_manager.go:143.4,144.14 2 0
network-debugger/internal/infrastructure/httpapi/intercept_manager.go:147.3,149.41 3 1
network-debugger/internal/infrastructure/httpapi/intercept_manager.go:149.41,151.11 2 1
network-debugger/internal/infrastructure/httpapi/intercept_manager.go:152.37,152.37 0 1
network-debugger/internal/infrastructure/httpapi/intercept_manager.go:153.12,153.12 0 0
network-debugger/internal/infrastructure/httpapi/intercept_manager.go:155.4,156.24 2 1
network-debugger/internal/infrastructure/httpapi/intercept_manager.go:156.24,158.5 1 1
network-debugger/internal/infrastructure/httpapi/intercept_manager.go:161.2,165.22 5 1
network-debugger/internal/infrastructure/httpapi/intercept_manager.go:165.22,167.3 1 1
network-debugger/internal/infrastructure/httpapi/intercept_manager.go:168.2,168.22 1 1
network-debugger/internal/infrastructure/httpapi/intercept_manager.go:168.22,171.3 2 1
network-debugger/internal/infrastructure/httpapi/intercept_manager.go:172.2,172.11 1 1
network-debugger/internal/infrastructure/httpapi/intercept_manager.go:176.101,180.9 4 1
network-debugger/internal/infrastructure/httpapi/intercept_manager.go:180.9,182.3 1 0
network-debugger/internal/infrastructure/httpapi/intercept_manager.go:183.2,183.35 1 1
network-debugger/internal/infrastructure/httpapi/intercept_manager.go:183.35,185.3 1 0
network-debugger/internal/infrastructure/httpapi/intercept_manager.go:186.2,188.30 2 1
network-debugger/internal/infrastructure/httpapi/intercept_manager.go:188.30,189.16 1 1
network-debugger/internal/infrastructure/httpapi/intercept_manager.go:189.16,191.9 2 1
network-debugger/internal/infrastructure/httpapi/intercept_manager.go:194.2,195.21 2 1
network-debugger/internal/infrastructure/httpapi/intercept_manager.go:195.21,197.3 1 1
network-debugger/internal/infrastructure/httpapi/intercept_manager.go:198.2,198.22 1 1
network-debugger/internal/infrastructure/httpapi/intercept_manager.go:198.22,200.3 1 1
network-debugger/internal/infrastructure/httpapi/intercept_manager.go:201.2,201.17 1 1
network-debugger/internal/infrastructure/httpapi/intercept_manager.go:205.189,206.69 1 1
network-debugger/internal/infrastructure/httpapi/intercept_manager.go:206.69,208.3 1 0
network-debugger/internal/infrastructure/httpapi/intercept_manager.go:210.2,212.25 3 1
network-debugger/internal/infrastructure/httpapi/intercept_manager.go:212.25,214.18 2 1
network-debugger/internal/infrastructure/httpapi/intercept_manager.go:214.18,215.12 1 0
network-debugger/internal/infrastructure/httpapi/intercept_manager.go:217.3,217.52 1 1
network-debugger/internal/infrastructure/httpapi/intercept_manager.go:217.52,218.12 1 0
network-debugger/internal/infrastructure/httpapi/intercept_manager.go:220.3,220.43 1 1
network-debugger/internal/infrastructure/httpapi/intercept_manager.go:220.43,222.25 2 1
network-debugger/internal/infrastructure/httpapi/intercept_manager.go:222.25,223.10 1 0
network-debugger/internal/infrastructure/httpapi/intercept_manager.go:228.2,228.36 1 1
network-debugger/internal/infrastructure/httpapi/intercept_manager.go:228.36,230.3 1 0
network-debugger/internal/infrastructure/httpapi/intercept_manager.go:231.2,232.20 2 1
network-debugger/internal/infrastructure/httpapi/intercept_manager.go:232.20,234.3 1 0
network-debugger/internal/infrastructure/httpapi/intercept_manager.go:236.2,254.15 3 1
network-debugger/internal/infrastructure/httpapi/intercept_manager.go:254.15,256.3 1 0
network-debugger/internal/infrastructure/httpapi/intercept_manager.go:259.2,259.9 1 1
network-debugger/internal/infrastructure/httpapi/intercept_manager.go:260.20,261.24 1 0
network-debugger/internal/infrastructure/httpapi/intercept_manager.go:262.27,263.24 1 1
network-debugger/internal/infrastructure/httpapi/intercept_manager.go:264.29,265.24 1 1
network-debugger/internal/infrastructure/httpapi/intercept_manager.go:265.24,267.5 1 1
network-debugger/internal/infrastructure/httpapi/intercept_manager.go:268.4,268.17 1 1
network-debugger/internal/infrastructure/httpapi/intercept_manager.go:269.11,270.24 1 1
network-debugger/internal/infrastructure/httpapi/intercept_manager.go:270.24,272.5 1 1
network-debugger/internal/infrastructure/httpapi/intercept_manager.go:273.4,273.19 1 1
network-debugger/internal/infrastructure/httpapi/intercept_manager.go:279.195,280.70 1 1
network-debugger/internal/infrastructure/httpapi/intercept_manager.go:280.70,282.3 1 0
network-debugger/internal/infrastructure/httpapi/intercept_manager.go:283.2,285.25 3 1
network-debugger/internal/infrastructure/httpapi/intercept_manager.go:285.25,287.18 2 1
network-debugger/internal/infrastructure/httpapi/intercept_manager.go:287.18,288.12 1 0
network-debugger/internal/infrastructure/httpapi/intercept_manager.go:290.3,290.53 1 1
network-debugger/internal/infrastructure/httpapi/intercept_manager.go:290.53,291.12 1 0
network-debugger/internal/infrastructure/httpapi/intercept_manager.go:293.3,293.47 1 1
network-debugger/internal/infrastructure/httpapi/intercept_manager.go:293.47,295.25 2 1
network-debugger/internal/infrastructure/httpapi/intercept_manager.go:295.25,296.10 1 0
network-debugger/internal/infrastructure/httpapi/intercept_manager.go:300.2,300.36 1 1
network-debugger/internal/infrastructure/httpapi/intercept_manager.go:300.36,302.3 1 0
network-debugger/internal/infrastructure/httpapi/intercept_manager.go:303.2,304.20 2 1
network-debugger/internal/infrastructure/httpapi/intercept_manager.go:304.20,306.3 1 0
network-debugger/internal/infrastructure/httpapi/intercept_manager.go:308.2,325.15 3 1
network-debugger/internal/infrastructure/httpapi/intercept_manager.go:325.15,327.3 1 0
network-debugger/internal/infrastructure/httpapi/intercept_manager.go:328.2,328.9 1 1
network-debugger/internal/infrastructure/httpapi/intercept_manager.go:329.20,330.24 1 0
network-debugger/internal/infrastructure/httpapi/intercept_manager.go:331.27,332.24 1 1
network-debugger/internal/infrastructure/httpapi/intercept_manager.go:333.30,334.24 1 1
network-debugger/internal/infrastructure/httpapi/intercept_manager.go:334.24,336.5 1 1
network-debugger/internal/infrastructure/httpapi/intercept_manager.go:337.4,337.17 1 1
network-debugger/internal/infrastructure/httpapi/intercept_manager.go:338.11,339.24 1 0
network-debugger/internal/infrastructure/httpapi/intercept_manager.go:339.24,341.5 1 0
network-debugger/internal/infrastructure/httpapi/intercept_manager.go:342.4,342.19 1 0
network-debugger/internal/infrastructure/httpapi/intercept_manager.go:348.86,350.9 2 1
network-debugger/internal/infrastructure/httpapi/intercept_manager.go:350.9,352.3 1 0
network-debugger/internal/infrastructure/httpapi/intercept_manager.go:353.2,353.9 1 1
network-debugger/internal/infrastructure/httpapi/intercept_manager.go:354.25,354.25 0 1
network-debugger/internal/infrastructure/httpapi/intercept_manager.go:355.10,355.10 0 0
network-debugger/internal/infrastructure/httpapi/intercept_manager.go:357.2,357.22 1 1
network-debugger/internal/infrastructure/httpapi/intercept_manager.go:357.22,359.3 1 1
network-debugger/internal/infrastructure/httpapi/intercept_manager.go:360.2,360.13 1 1
network-debugger/internal/infrastructure/httpapi/intercept_manager.go:364.88,366.9 2 1
network-debugger/internal/infrastructure/httpapi/intercept_manager.go:366.9,368.3 1 0
network-debugger/internal/infrastructure/httpapi/intercept_manager.go:369.2,369.9 1 1
network-debugger/internal/infrastructure/httpapi/intercept_manager.go:370.25,370.25 0 1
network-debugger/internal/infrastructure/httpapi/intercept_manager.go:371.10,371.10 0 0
network-debugger/internal/infrastructure/httpapi/intercept_manager.go:373.2,373.22 1 1
network-debugger/internal/infrastructure/httpapi/intercept_manager.go:373.22,375.3 1 1
network-debugger/internal/infrastructure/httpapi/intercept_manager.go:376.2,376.13 1 1
network-debugger/internal/infrastructure/httpapi/intercept_manager.go:380.53,382.9 2 1
network-debugger/internal/infrastructure/httpapi/intercept_manager.go:382.9,384.3 1 0
network-debugger/internal/infrastructure/httpapi/intercept_manager.go:385.2,385.9 1 1
network-debugger/internal/infrastructure/httpapi/intercept_manager.go:386.32,386.32 0 1
network-debugger/internal/infrastructure/httpapi/intercept_manager.go:387.10,387.10 0 0
network-debugger/internal/infrastructure/httpapi/intercept_manager.go:389.2,389.22 1 1
network-debugger/internal/infrastructure/httpapi/intercept_manager.go:389.22,391.3 1 1
network-debugger/internal/infrastructure/httpapi/intercept_manager.go:392.2,392.22 1 1
network-debugger/internal/infrastructure/httpapi/intercept_manager.go:392.22,394.3 1 1
network-debugger/internal/infrastructure/httpapi/intercept_manager.go:395.2,395.13 1 1
network-debugger/internal/infrastructure/httpapi/intercept_types.go:130.50,131.14 1 1
network-debugger/internal/infrastructure/httpapi/intercept_types.go:131.14,133.3 1 1
network-debugger/internal/infrastructure/httpapi/intercept_types.go:134.2,134.37 1 1
network-debugger/internal/infrastructure/httpapi/intercept_types.go:134.37,136.3 1 1
network-debugger/internal/infrastructure/httpapi/intercept_types.go:137.2,137.54 1 1
network-debugger/internal/infrastructure/httpapi/intercept_types.go:137.54,139.3 1 1
network-debugger/internal/infrastructure/httpapi/intercept_types.go:140.2,140.54 1 1
network-debugger/internal/infrastructure/httpapi/intercept_types.go:140.54,142.3 1 1
network-debugger/internal/infrastructure/httpapi/intercept_types.go:143.2,143.57 1 1
network-debugger/internal/infrastructure/httpapi/intercept_types.go:143.57,145.3 1 1
network-debugger/internal/infrastructure/httpapi/intercept_types.go:146.2,146.22 1 1
network-debugger/internal/infrastructure/httpapi/intercept_types.go:146.22,147.29 1 1
network-debugger/internal/infrastructure/httpapi/intercept_types.go:147.29,148.14 1 1
network-debugger/internal/infrastructure/httpapi/intercept_types.go:148.14,150.5 1 1
network-debugger/internal/infrastructure/httpapi/intercept_types.go:153.2,153.19 1 1
network-debugger/internal/infrastructure/httpapi/intercept_types.go:153.19,154.53 1 1
network-debugger/internal/infrastructure/httpapi/intercept_types.go:154.53,156.4 1 1
network-debugger/internal/infrastructure/httpapi/intercept_types.go:158.2,158.117 1 1
network-debugger/internal/infrastructure/httpapi/intercept_types.go:161.53,163.2 1 1
network-debugger/internal/infrastructure/httpapi/intercept_types.go:165.61,166.14 1 1
network-debugger/internal/infrastructure/httpapi/intercept_types.go:166.14,168.3 1 1
network-debugger/internal/infrastructure/httpapi/intercept_types.go:169.2,169.36 1 1
network-debugger/internal/infrastructure/httpapi/intercept_types.go:169.36,170.28 1 1
network-debugger/internal/infrastructure/httpapi/intercept_types.go:170.28,171.12 1 1
network-debugger/internal/infrastructure/httpapi/intercept_types.go:173.3,173.38 1 1
network-debugger/internal/infrastructure/httpapi/intercept_types.go:173.38,175.4 1 1
network-debugger/internal/infrastructure/httpapi/intercept_types.go:176.3,176.28 1 1
network-debugger/internal/infrastructure/httpapi/intercept_types.go:176.28,177.26 1 1
network-debugger/internal/infrastructure/httpapi/intercept_types.go:177.26,179.5 1 1
network-debugger/internal/infrastructure/httpapi/intercept_types.go:182.2,182.14 1 1
network-debugger/internal/infrastructure/httpapi/intercept_types.go:185.50,186.14 1 1
network-debugger/internal/infrastructure/httpapi/intercept_types.go:186.14,188.3 1 1
network-debugger/internal/infrastructure/httpapi/intercept_types.go:189.2,189.23 1 1
network-debugger/internal/infrastructure/httpapi/intercept_types.go:189.23,190.30 1 1
network-debugger/internal/infrastructure/httpapi/intercept_types.go:190.30,191.17 1 1
network-debugger/internal/infrastructure/httpapi/intercept_types.go:191.17,193.5 1 1
network-debugger/internal/infrastructure/httpapi/intercept_types.go:196.2,196.28 1 1
network-debugger/internal/infrastructure/httpapi/intercept_types.go:196.28,199.14 3 1
network-debugger/internal/infrastructure/httpapi/intercept_types.go:199.14,201.4 1 1
network-debugger/internal/infrastructure/httpapi/intercept_types.go:202.3,202.14 1 1
network-debugger/internal/infrastructure/httpapi/intercept_types.go:202.14,204.4 1 1
network-debugger/internal/infrastructure/httpapi/intercept_types.go:205.3,205.31 1 1
network-debugger/internal/infrastructure/httpapi/intercept_types.go:205.31,207.4 1 1
network-debugger/internal/infrastructure/httpapi/intercept_types.go:209.2,209.43 1 1
network-debugger/internal/infrastructure/httpapi/intercept_types.go:209.43,211.3 1 1
network-debugger/internal/infrastructure/httpapi/intercept_types.go:212.2,212.43 1 1
network-debugger/internal/infrastructure/httpapi/intercept_types.go:212.43,214.3 1 1
network-debugger/internal/infrastructure/httpapi/intercept_types.go:215.2,215.79 1 1
network-debugger/internal/infrastructure/httpapi/intercept_types.go:219.80,220.14 1 1
network-debugger/internal/infrastructure/httpapi/intercept_types.go:220.14,222.3 1 1
network-debugger/internal/infrastructure/httpapi/intercept_types.go:223.2,223.23 1 1
network-debugger/internal/infrastructure/httpapi/intercept_types.go:223.23,226.31 3 1
network-debugger/internal/infrastructure/httpapi/intercept_types.go:226.31,227.32 1 1
network-debugger/internal/infrastructure/httpapi/intercept_types.go:227.32,229.10 2 1
network-debugger/internal/infrastructure/httpapi/intercept_types.go:232.3,232.10 1 1
network-debugger/internal/infrastructure/httpapi/intercept_types.go:232.10,234.4 1 1
network-debugger/internal/infrastructure/httpapi/intercept_types.go:236.2,236.23 1 1
network-debugger/internal/infrastructure/httpapi/intercept_types.go:236.23,238.19 2 1
network-debugger/internal/infrastructure/httpapi/intercept_types.go:238.19,240.4 1 1
network-debugger/internal/infrastructure/httpapi/intercept_types.go:241.3,242.31 2 1
network-debugger/internal/infrastructure/httpapi/intercept_types.go:242.31,243.32 1 1
network-debugger/internal/infrastructure/httpapi/intercept_types.go:243.32,245.10 2 1
network-debugger/internal/infrastructure/httpapi/intercept_types.go:248.3,248.10 1 1
network-debugger/internal/infrastructure/httpapi/intercept_types.go:248.10,250.4 1 1
network-debugger/internal/infrastructure/httpapi/intercept_types.go:252.2,252.19 1 1
network-debugger/internal/infrastructure/httpapi/intercept_types.go:252.19,254.19 2 1
network-debugger/internal/infrastructure/httpapi/intercept_types.go:254.19,256.4 1 1
network-debugger/internal/infrastructure/httpapi/intercept_types.go:257.3,257.28 1 1
network-debugger/internal/infrastructure/httpapi/intercept_types.go:257.28,259.4 1 1
network-debugger/internal/infrastructure/httpapi/intercept_types.go:261.2,261.19 1 1
network-debugger/internal/infrastructure/httpapi/intercept_types.go:261.19,263.19 2 1
network-debugger/internal/infrastructure/httpapi/intercept_types.go:263.19,265.4 1 1
network-debugger/internal/infrastructure/httpapi/intercept_types.go:266.3,266.28 1 1
network-debugger/internal/infrastructure/httpapi/intercept_types.go:266.28,268.4 1 1
network-debugger/internal/infrastructure/httpapi/intercept_types.go:270.2,270.19 1 1
network-debugger/internal/infrastructure/httpapi/intercept_types.go:270.19,272.19 2 1
network-debugger/internal/infrastructure/httpapi/intercept_types.go:272.19,274.4 1 1
network-debugger/internal/infrastructure/httpapi/intercept_types.go:275.3,275.25 1 1
network-debugger/internal/infrastructure/httpapi/intercept_types.go:275.25,277.4 1 1
network-debugger/internal/infrastructure/httpapi/intercept_types.go:279.2,279.26 1 1
network-debugger/internal/infrastructure/httpapi/intercept_types.go:279.26,281.33 2 1
network-debugger/internal/infrastructure/httpapi/intercept_types.go:281.33,283.4 1 1
network-debugger/internal/infrastructure/httpapi/intercept_types.go:285.2,285.52 1 1
network-debugger/internal/infrastructure/httpapi/intercept_types.go:285.52,287.3 1 0
network-debugger/internal/infrastructure/httpapi/intercept_types.go:288.2,288.76 1 1
network-debugger/internal/infrastructure/httpapi/intercept_types.go:288.76,290.3 1 1
network-debugger/internal/infrastructure/httpapi/intercept_types.go:291.2,291.13 1 1
network-debugger/internal/infrastructure/httpapi/intercept_types.go:295.85,296.14 1 1
network-debugger/internal/infrastructure/httpapi/intercept_types.go:296.14,298.3 1 1
network-debugger/internal/infrastructure/httpapi/intercept_types.go:299.2,299.59 1 1
network-debugger/internal/infrastructure/httpapi/intercept_types.go:299.59,301.3 1 1
network-debugger/internal/infrastructure/httpapi/intercept_types.go:302.2,302.26 1 1
network-debugger/internal/infrastructure/httpapi/intercept_types.go:302.26,304.33 2 1
network-debugger/internal/infrastructure/httpapi/intercept_types.go:304.33,306.4 1 1
network-debugger/internal/infrastructure/httpapi/intercept_types.go:308.2,308.55 1 1
network-debugger/internal/infrastructure/httpapi/intercept_types.go:308.55,310.3 1 0
network-debugger/internal/infrastructure/httpapi/intercept_types.go:311.2,311.76 1 1
network-debugger/internal/infrastructure/httpapi/intercept_types.go:311.76,313.3 1 1
network-debugger/internal/infrastructure/httpapi/intercept_types.go:314.2,314.13 1 1
network-debugger/internal/infrastructure/httpapi/intercept_types.go:318.35,319.14 1 1
network-debugger/internal/infrastructure/httpapi/intercept_types.go:319.14,321.3 1 1
network-debugger/internal/infrastructure/httpapi/intercept_types.go:322.2,322.19 1 1
network-debugger/internal/infrastructure/httpapi/live.go:22.38,24.2 1 1
network-debugger/internal/infrastructure/httpapi/live.go:26.86,27.21 1 1
network-debugger/internal/infrastructure/httpapi/live.go:27.21,29.3 1 1
network-debugger/internal/infrastructure/httpapi/live.go:30.2,32.16 3 1
network-debugger/internal/infrastructure/httpapi/live.go:35.54,36.21 1 1
network-debugger/internal/infrastructure/httpapi/live.go:36.21,38.3 1 1
network-debugger/internal/infrastructure/httpapi/live.go:39.2,41.16 3 1
network-debugger/internal/infrastructure/httpapi/live.go:45.36,47.26 2 1
network-debugger/internal/infrastructure/httpapi/live.go:47.26,48.22 1 1
network-debugger/internal/infrastructure/httpapi/live.go:48.22,50.4 1 1
network-debugger/internal/infrastructure/httpapi/live.go:51.3,51.24 1 1
network-debugger/internal/infrastructure/httpapi/live.go:51.24,53.4 1 0
network-debugger/internal/infrastructure/httpapi/live.go:54.3,54.19 1 1
network-debugger/internal/infrastructure/httpapi/live.go:56.2,56.16 1 1
network-debugger/internal/infrastructure/httpapi/live.go:61.92,65.14 4 1
network-debugger/internal/infrastructure/httpapi/live.go:65.14,67.3 1 1
network-debugger/internal/infrastructure/httpapi/live.go:68.2,68.19 1 1
network-debugger/internal/infrastructure/httpapi/live.go:69.26,70.24 1 1
network-debugger/internal/infrastructure/httpapi/live.go:70.24,72.4 1 1
network-debugger/internal/infrastructure/httpapi/live.go:73.3,75.73 3 1
network-debugger/internal/infrastructure/httpapi/live.go:76.26,77.22 1 1
network-debugger/internal/infrastructure/httpapi/live.go:77.22,79.4 1 1
network-debugger/internal/infrastructure/httpapi/live.go:80.3,82.71 3 1
network-debugger/internal/infrastructure/httpapi/live.go:83.10,84.41 1 1
network-debugger/internal/infrastructure/httpapi/mapping_handlers.go:40.42,60.2 1 1
network-debugger/internal/infrastructure/httpapi/mapping_handlers.go:62.44,65.30 2 1
network-debugger/internal/infrastructure/httpapi/mapping_handlers.go:65.30,67.14 2 1
network-debugger/internal/infrastructure/httpapi/mapping_handlers.go:67.14,69.4 1 1
network-debugger/internal/infrastructure/httpapi/mapping_handlers.go:71.2,89.3 1 1
network-debugger/internal/infrastructure/httpapi/mapping_handlers.go:93.76,94.18 1 0
network-debugger/internal/infrastructure/httpapi/mapping_handlers.go:95.22,98.37 3 0
network-debugger/internal/infrastructure/httpapi/mapping_handlers.go:99.23,102.61 2 0
network-debugger/internal/infrastructure/httpapi/mapping_handlers.go:102.61,105.4 2 0
network-debugger/internal/infrastructure/httpapi/mapping_handlers.go:106.3,107.36 2 0
network-debugger/internal/infrastructure/httpapi/mapping_handlers.go:108.10,109.76 1 0
network-debugger/internal/infrastructure/httpapi/mapping_handlers.go:114.75,115.22 1 0
network-debugger/internal/infrastructure/httpapi/mapping_handlers.go:115.22,118.3 2 0
network-debugger/internal/infrastructure/httpapi/mapping_handlers.go:119.2,119.18 1 0
network-debugger/internal/infrastructure/httpapi/mapping_handlers.go:120.22,122.17 2 0
network-debugger/internal/infrastructure/httpapi/mapping_handlers.go:122.17,125.4 2 0
network-debugger/internal/infrastructure/httpapi/mapping_handlers.go:126.3,127.27 2 0
network-debugger/internal/infrastructure/httpapi/mapping_handlers.go:127.27,129.4 1 0
network-debugger/internal/infrastructure/httpapi/mapping_handlers.go:130.3,131.37 2 0
network-debugger/internal/infrastructure/httpapi/mapping_handlers.go:132.23,134.48 1 0
network-debugger/internal/infrastructure/httpapi/mapping_handlers.go:134.48,136.63 2 0
network-debugger/internal/infrastructure/httpapi/mapping_handlers.go:136.63,139.5 2 0
network-debugger/internal/infrastructure/httpapi/mapping_handlers.go:140.4,140.62 1 0
network-debugger/internal/infrastructure/httpapi/mapping_handlers.go:140.62,143.5 2 0
network-debugger/internal/infrastructure/httpapi/mapping_handlers.go:145.4,145.22 1 0
network-debugger/internal/infrastructure/httpapi/mapping_handlers.go:145.22,146.62 1 0
network-debugger/internal/infrastructure/httpapi/mapping_handlers.go:146.62,148.6 1 0
network-debugger/internal/infrastructure/httpapi/mapping_handlers.go:150.4,151.10 2 0
network-debugger/internal/infrastructure/httpapi/mapping_handlers.go:153.3,154.61 2 0
network-debugger/internal/infrastructure/httpapi/mapping_handlers.go:154.61,157.4 2 0
network-debugger/internal/infrastructure/httpapi/mapping_handlers.go:158.3,159.17 2 0
network-debugger/internal/infrastructure/httpapi/mapping_handlers.go:159.17,162.4 2 0
network-debugger/internal/infrastructure/httpapi/mapping_handlers.go:163.3,163.21 1 0
network-debugger/internal/infrastructure/httpapi/mapping_handlers.go:163.21,164.61 1 0
network-debugger/internal/infrastructure/httpapi/mapping_handlers.go:164.61,166.5 1 0
network-debugger/internal/infrastructure/httpapi/mapping_handlers.go:168.3,169.46 2 0
network-debugger/internal/infrastructure/httpapi/mapping_handlers.go:170.10,171.76 1 0
network-debugger/internal/infrastructure/httpapi/mapping_handlers.go:175.78,176.22 1 0
network-debugger/internal/infrastructure/httpapi/mapping_handlers.go:176.22,179.3 2 0
network-debugger/internal/infrastructure/httpapi/mapping_handlers.go:180.2,180.35 1 0
network-debugger/internal/infrastructure/httpapi/mapping_handlers.go:180.35,183.3 2 0
network-debugger/internal/infrastructure/httpapi/mapping_handlers.go:184.2,186.14 3 0
network-debugger/internal/infrastructure/httpapi/mapping_handlers.go:186.14,189.3 2 0
network-debugger/internal/infrastructure/httpapi/mapping_handlers.go:190.2,190.58 1 0
network-debugger/internal/infrastructure/httpapi/mapping_handlers.go:190.58,193.3 2 0
network-debugger/internal/infrastructure/httpapi/mapping_handlers.go:194.2,194.20 1 0
network-debugger/internal/infrastructure/httpapi/mapping_handlers.go:194.20,195.60 1 0
network-debugger/internal/infrastructure/httpapi/mapping_handlers.go:195.60,197.4 1 0
network-debugger/internal/infrastructure/httpapi/mapping_handlers.go:199.2,199.37 1 0
network-debugger/internal/infrastructure/httpapi/mapping_handlers.go:203.76,204.33 1 0
network-debugger/internal/infrastructure/httpapi/mapping_handlers.go:204.33,207.3 2 0
network-debugger/internal/infrastructure/httpapi/mapping_handlers.go:208.2,208.55 1 0
network-debugger/internal/infrastructure/httpapi/mapping_handlers.go:208.55,211.3 2 0
network-debugger/internal/infrastructure/httpapi/mapping_handlers.go:212.2,213.16 2 0
network-debugger/internal/infrastructure/httpapi/mapping_handlers.go:213.16,216.3 2 0
network-debugger/internal/infrastructure/httpapi/mapping_handlers.go:217.2,221.46 3 0
network-debugger/internal/infrastructure/httpapi/mapping_handlers.go:221.46,222.37 1 0
network-debugger/internal/infrastructure/httpapi/mapping_handlers.go:222.37,224.4 1 0
network-debugger/internal/infrastructure/httpapi/mapping_handlers.go:226.2,230.30 3 0
network-debugger/internal/infrastructure/httpapi/mapping_handlers.go:230.30,233.3 2 0
network-debugger/internal/infrastructure/httpapi/mapping_handlers.go:234.2,235.30 2 0
network-debugger/internal/infrastructure/httpapi/mapping_handlers.go:235.30,238.3 2 0
network-debugger/internal/infrastructure/httpapi/mapping_handlers.go:241.2,242.14 2 0
network-debugger/internal/infrastructure/httpapi/mapping_handlers.go:242.14,244.3 1 0
network-debugger/internal/infrastructure/httpapi/mapping_handlers.go:246.2,251.4 2 0
network-debugger/internal/infrastructure/httpapi/mapping_handlers.go:254.49,256.9 2 1
network-debugger/internal/infrastructure/httpapi/mapping_handlers.go:257.37,258.34 1 1
network-debugger/internal/infrastructure/httpapi/mapping_handlers.go:259.38,260.20 1 1
network-debugger/internal/infrastructure/httpapi/mapping_handlers.go:261.39,262.28 1 1
network-debugger/internal/infrastructure/httpapi/mapping_handlers.go:263.38,264.21 1 1
network-debugger/internal/infrastructure/httpapi/mapping_handlers.go:265.73,266.22 1 1
network-debugger/internal/infrastructure/httpapi/mapping_handlers.go:267.38,268.25 1 1
network-debugger/internal/infrastructure/httpapi/mapping_handlers.go:269.10,270.36 1 1
network-debugger/internal/infrastructure/httpapi/mitm.go:33.78,35.16 2 1
network-debugger/internal/infrastructure/httpapi/mitm.go:35.16,37.3 1 1
network-debugger/internal/infrastructure/httpapi/mitm.go:38.2,39.16 2 1
network-debugger/internal/infrastructure/httpapi/mitm.go:39.16,41.3 1 1
network-debugger/internal/infrastructure/httpapi/mitm.go:42.2,43.49 2 1
network-debugger/internal/infrastructure/httpapi/mitm.go:43.49,45.3 1 1
network-debugger/internal/infrastructure/httpapi/mitm.go:46.2,47.16 2 1
network-debugger/internal/infrastructure/httpapi/mitm.go:47.16,49.3 1 0
network-debugger/internal/infrastructure/httpapi/mitm.go:50.2,51.17 2 1
network-debugger/internal/infrastructure/httpapi/mitm.go:51.17,53.3 1 0
network-debugger/internal/infrastructure/httpapi/mitm.go:54.2,55.36 2 1
network-debugger/internal/infrastructure/httpapi/mitm.go:55.36,57.17 2 1
network-debugger/internal/infrastructure/httpapi/mitm.go:57.17,59.4 1 0
network-debugger/internal/infrastructure/httpapi/mitm.go:60.8,60.39 1 1
network-debugger/internal/infrastructure/httpapi/mitm.go:60.39,62.17 2 1
network-debugger/internal/infrastructure/httpapi/mitm.go:62.17,64.4 1 0
network-debugger/internal/infrastructure/httpapi/mitm.go:65.3,67.10 3 1
network-debugger/internal/infrastructure/httpapi/mitm.go:67.10,69.4 1 0
network-debugger/internal/infrastructure/httpapi/mitm.go:70.8,72.3 1 0
network-debugger/internal/infrastructure/httpapi/mitm.go:73.2,74.16 2 1
network-debugger/internal/infrastructure/httpapi/mitm.go:74.16,76.3 1 0
network-debugger/internal/infrastructure/httpapi/mitm.go:77.2,83.8 1 1
network-debugger/internal/infrastructure/httpapi/mitm.go:87.79,89.49 2 1
network-debugger/internal/infrastructure/httpapi/mitm.go:89.49,91.3 1 1
network-debugger/internal/infrastructure/httpapi/mitm.go:92.2,93.16 2 1
network-debugger/internal/infrastructure/httpapi/mitm.go:93.16,95.3 1 1
network-debugger/internal/infrastructure/httpapi/mitm.go:96.2,97.17 2 1
network-debugger/internal/infrastructure/httpapi/mitm.go:97.17,99.3 1 1
network-debugger/internal/infrastructure/httpapi/mitm.go:100.2,101.36 2 1
network-debugger/internal/infrastructure/httpapi/mitm.go:101.36,103.17 2 1
network-debugger/internal/infrastructure/httpapi/mitm.go:103.17,105.4 1 1
network-debugger/internal/infrastructure/httpapi/mitm.go:106.8,106.39 1 1
network-debugger/internal/infrastructure/httpapi/mitm.go:106.39,108.17 2 1
network-debugger/internal/infrastructure/httpapi/mitm.go:108.17,110.4 1 1
network-debugger/internal/infrastructure/httpapi/mitm.go:111.3,113.10 3 1
network-debugger/internal/infrastructure/httpapi/mitm.go:113.10,115.4 1 0
network-debugger/internal/infrastructure/httpapi/mitm.go:116.8,118.3 1 1
network-debugger/internal/infrastructure/httpapi/mitm.go:119.2,120.16 2 1
network-debugger/internal/infrastructure/httpapi/mitm.go:120.16,122.3 1 1
network-debugger/internal/infrastructure/httpapi/mitm.go:123.2,123.142 1 1
network-debugger/internal/infrastructure/httpapi/mitm.go:127.91,128.21 1 1
network-debugger/internal/infrastructure/httpapi/mitm.go:128.21,130.3 1 1
network-debugger/internal/infrastructure/httpapi/mitm.go:131.2,132.16 2 1
network-debugger/internal/infrastructure/httpapi/mitm.go:132.16,134.3 1 0
network-debugger/internal/infrastructure/httpapi/mitm.go:135.2,136.16 2 1
network-debugger/internal/infrastructure/httpapi/mitm.go:136.16,138.3 1 0
network-debugger/internal/infrastructure/httpapi/mitm.go:139.2,152.16 4 1
network-debugger/internal/infrastructure/httpapi/mitm.go:152.16,154.3 1 0
network-debugger/internal/infrastructure/httpapi/mitm.go:155.2,157.29 3 1
network-debugger/internal/infrastructure/httpapi/mitm.go:161.73,163.13 2 1
network-debugger/internal/infrastructure/httpapi/mitm.go:163.13,165.3 1 1
network-debugger/internal/infrastructure/httpapi/mitm.go:167.2,167.30 1 1
network-debugger/internal/infrastructure/httpapi/mitm.go:167.30,168.52 1 1
network-debugger/internal/infrastructure/httpapi/mitm.go:168.52,170.4 1 1
network-debugger/internal/infrastructure/httpapi/mitm.go:172.2,173.33 2 1
network-debugger/internal/infrastructure/httpapi/mitm.go:173.33,176.3 2 1
network-debugger/internal/infrastructure/httpapi/mitm.go:177.2,181.16 3 1
network-debugger/internal/infrastructure/httpapi/mitm.go:181.16,183.3 1 0
network-debugger/internal/infrastructure/httpapi/mitm.go:184.2,185.16 2 1
network-debugger/internal/infrastructure/httpapi/mitm.go:185.16,187.3 1 0
network-debugger/internal/infrastructure/httpapi/mitm.go:188.2,200.37 3 1
network-debugger/internal/infrastructure/httpapi/mitm.go:200.37,204.3 3 1
network-debugger/internal/infrastructure/httpapi/mitm.go:205.2,206.16 2 1
network-debugger/internal/infrastructure/httpapi/mitm.go:206.16,208.3 1 0
network-debugger/internal/infrastructure/httpapi/mitm.go:209.2,212.16 4 1
network-debugger/internal/infrastructure/httpapi/mitm.go:212.16,214.3 1 0
network-debugger/internal/infrastructure/httpapi/mitm.go:215.2,218.18 4 1
network-debugger/internal/infrastructure/httpapi/mitm.go:229.50,230.29 1 1
network-debugger/internal/infrastructure/httpapi/mitm.go:230.29,232.3 1 1
network-debugger/internal/infrastructure/httpapi/mitm.go:233.2,234.13 2 1
network-debugger/internal/infrastructure/httpapi/mitm.go:234.13,236.3 1 1
network-debugger/internal/infrastructure/httpapi/mitm.go:237.2,237.30 1 1
network-debugger/internal/infrastructure/httpapi/mitm.go:237.30,238.52 1 1
network-debugger/internal/infrastructure/httpapi/mitm.go:238.52,240.4 1 1
network-debugger/internal/infrastructure/httpapi/mitm.go:242.2,243.33 2 1
network-debugger/internal/infrastructure/httpapi/mitm.go:243.33,245.55 2 1
network-debugger/internal/infrastructure/httpapi/mitm.go:245.55,247.4 1 1
network-debugger/internal/infrastructure/httpapi/mitm.go:249.2,249.29 1 1
network-debugger/internal/infrastructure/httpapi/mitm.go:249.29,251.3 1 1
network-debugger/internal/infrastructure/httpapi/mitm.go:252.2,252.34 1 1
network-debugger/internal/infrastructure/httpapi/mitm.go:252.34,254.55 2 1
network-debugger/internal/infrastructure/httpapi/mitm.go:254.55,256.4 1 1
network-debugger/internal/infrastructure/httpapi/mitm.go:258.2,258.14 1 1
network-debugger/internal/infrastructure/httpapi/mitm.go:262.55,264.2 1 1
network-debugger/internal/infrastructure/httpapi/mitm_handlers.go:14.75,15.32 1 1
network-debugger/internal/infrastructure/httpapi/mitm_handlers.go:15.32,18.3 2 1
network-debugger/internal/infrastructure/httpapi/mitm_handlers.go:19.2,30.66 3 1
network-debugger/internal/infrastructure/httpapi/mitm_handlers.go:30.66,32.43 2 1
network-debugger/internal/infrastructure/httpapi/mitm_handlers.go:32.43,34.4 1 1
network-debugger/internal/infrastructure/httpapi/mitm_handlers.go:35.3,36.49 2 1
network-debugger/internal/infrastructure/httpapi/mitm_handlers.go:38.2,39.36 2 1
network-debugger/internal/infrastructure/httpapi/mitm_handlers.go:43.74,44.32 1 1
network-debugger/internal/infrastructure/httpapi/mitm_handlers.go:44.32,47.3 2 1
network-debugger/internal/infrastructure/httpapi/mitm_handlers.go:48.2,48.82 1 1
network-debugger/internal/infrastructure/httpapi/mitm_handlers.go:48.82,51.3 2 1
network-debugger/internal/infrastructure/httpapi/mitm_handlers.go:53.2,55.50 3 1
network-debugger/internal/infrastructure/httpapi/mitm_handlers.go:55.50,57.18 1 1
network-debugger/internal/infrastructure/httpapi/mitm_handlers.go:57.18,58.12 1 0
network-debugger/internal/infrastructure/httpapi/mitm_handlers.go:60.3,60.26 1 1
network-debugger/internal/infrastructure/httpapi/mitm_handlers.go:66.77,67.33 1 1
network-debugger/internal/infrastructure/httpapi/mitm_handlers.go:67.33,70.3 2 1
network-debugger/internal/infrastructure/httpapi/mitm_handlers.go:71.2,75.17 3 1
network-debugger/internal/infrastructure/httpapi/mitm_handlers.go:75.17,77.3 1 1
network-debugger/internal/infrastructure/httpapi/mitm_handlers.go:78.2,79.16 2 1
network-debugger/internal/infrastructure/httpapi/mitm_handlers.go:79.16,82.3 2 0
network-debugger/internal/infrastructure/httpapi/mitm_handlers.go:84.2,84.72 1 1
network-debugger/internal/infrastructure/httpapi/mitm_handlers.go:84.72,85.20 1 1
network-debugger/internal/infrastructure/httpapi/mitm_handlers.go:85.20,87.4 1 1
network-debugger/internal/infrastructure/httpapi/mitm_handlers.go:88.3,88.17 1 1
network-debugger/internal/infrastructure/httpapi/mitm_handlers.go:90.2,91.104 2 1
network-debugger/internal/infrastructure/httpapi/mitm_handlers.go:96.86,97.33 1 0
network-debugger/internal/infrastructure/httpapi/mitm_handlers.go:97.33,100.3 2 0
network-debugger/internal/infrastructure/httpapi/mitm_handlers.go:101.2,105.20 5 0
network-debugger/internal/infrastructure/httpapi/mitm_handlers.go:105.20,107.3 1 0
network-debugger/internal/infrastructure/httpapi/mitm_handlers.go:108.2,108.19 1 0
network-debugger/internal/infrastructure/httpapi/mitm_handlers.go:108.19,110.3 1 0
network-debugger/internal/infrastructure/httpapi/mitm_handlers.go:111.2,112.16 2 0
network-debugger/internal/infrastructure/httpapi/mitm_handlers.go:112.16,115.3 2 0
network-debugger/internal/infrastructure/httpapi/mitm_handlers.go:116.2,116.63 1 0
network-debugger/internal/infrastructure/httpapi/mitm_handlers.go:116.63,119.3 2 0
network-debugger/internal/infrastructure/httpapi/mitm_handlers.go:120.2,120.61 1 0
network-debugger/internal/infrastructure/httpapi/mitm_handlers.go:120.61,123.3 2 0
network-debugger/internal/infrastructure/httpapi/mitm_handlers.go:124.2,125.16 2 0
network-debugger/internal/infrastructure/httpapi/mitm_handlers.go:125.16,126.20 1 0
network-debugger/internal/infrastructure/httpapi/mitm_handlers.go:126.20,128.4 1 0
network-debugger/internal/infrastructure/httpapi/mitm_handlers.go:129.3,129.17 1 0
network-debugger/internal/infrastructure/httpapi/mitm_handlers.go:132.2,135.66 4 0
network-debugger/internal/infrastructure/httpapi/mitm_handlers.go:135.66,138.3 2 0
network-debugger/internal/infrastructure/httpapi/mitm_handlers.go:139.2,144.4 2 0
network-debugger/internal/infrastructure/httpapi/mitm_handlers.go:148.61,150.16 2 1
network-debugger/internal/infrastructure/httpapi/mitm_handlers.go:150.16,152.3 1 0
network-debugger/internal/infrastructure/httpapi/mitm_handlers.go:153.2,156.34 3 1
network-debugger/internal/infrastructure/httpapi/mitm_handlers.go:156.34,158.17 2 1
network-debugger/internal/infrastructure/httpapi/mitm_handlers.go:158.17,160.4 1 1
network-debugger/internal/infrastructure/httpapi/mitm_handlers.go:161.3,161.44 1 1
network-debugger/internal/infrastructure/httpapi/mitm_handlers.go:161.44,163.4 1 0
network-debugger/internal/infrastructure/httpapi/mitm_handlers.go:164.3,164.50 1 1
network-debugger/internal/infrastructure/httpapi/mitm_handlers.go:164.50,166.4 1 0
network-debugger/internal/infrastructure/httpapi/mitm_handlers.go:168.2,169.12 2 1
network-debugger/internal/infrastructure/httpapi/monitor.go:35.34,38.73 1 1
network-debugger/internal/infrastructure/httpapi/monitor.go:38.73,38.88 1 1
network-debugger/internal/infrastructure/httpapi/monitor.go:43.71,45.16 2 1
network-debugger/internal/infrastructure/httpapi/monitor.go:45.16,47.3 1 0
network-debugger/internal/infrastructure/httpapi/monitor.go:48.2,53.51 5 1
network-debugger/internal/infrastructure/httpapi/monitor.go:53.51,54.24 1 1
network-debugger/internal/infrastructure/httpapi/monitor.go:54.24,56.72 2 1
network-debugger/internal/infrastructure/httpapi/monitor.go:56.72,57.10 1 0
network-debugger/internal/infrastructure/httpapi/monitor.go:60.3,60.19 1 1
network-debugger/internal/infrastructure/httpapi/monitor.go:62.2,63.6 2 1
network-debugger/internal/infrastructure/httpapi/monitor.go:63.6,65.47 1 1
network-debugger/internal/infrastructure/httpapi/monitor.go:65.47,66.9 1 1
network-debugger/internal/infrastructure/httpapi/monitor.go:69.2,70.32 2 1
network-debugger/internal/infrastructure/httpapi/monitor.go:70.32,73.3 2 1
network-debugger/internal/infrastructure/httpapi/monitor.go:74.2,74.15 1 1
network-debugger/internal/infrastructure/httpapi/monitor.go:77.49,82.31 4 1
network-debugger/internal/infrastructure/httpapi/monitor.go:82.31,84.3 1 1
network-debugger/internal/infrastructure/httpapi/monitor.go:85.2,89.30 4 1
network-debugger/internal/infrastructure/httpapi/monitor.go:89.30,91.3 1 1
network-debugger/internal/infrastructure/httpapi/monitor.go:92.2,94.26 2 1
network-debugger/internal/infrastructure/httpapi/monitor.go:94.26,95.10 1 1
network-debugger/internal/infrastructure/httpapi/monitor.go:96.19,96.19 0 1
network-debugger/internal/infrastructure/httpapi/monitor.go:97.11,97.11 0 0
network-debugger/internal/infrastructure/httpapi/monitor.go:101.2,101.26 1 1
network-debugger/internal/infrastructure/httpapi/monitor.go:101.26,102.10 1 1
network-debugger/internal/infrastructure/httpapi/monitor.go:103.17,103.17 0 1
network-debugger/internal/infrastructure/httpapi/monitor.go:104.11,104.11 0 0
network-debugger/internal/infrastructure/httpapi/monitor.go:110.52,116.2 5 1
network-debugger/internal/infrastructure/httpapi/monitor.go:119.56,121.34 2 1
network-debugger/internal/infrastructure/httpapi/monitor.go:121.34,124.3 2 1
network-debugger/internal/infrastructure/httpapi/monitor.go:125.2,125.16 1 1
network-debugger/internal/infrastructure/httpapi/preview.go:18.13,22.2 3 1
network-debugger/internal/infrastructure/httpapi/preview.go:25.52,26.30 1 1
network-debugger/internal/infrastructure/httpapi/preview.go:26.30,28.3 1 1
network-debugger/internal/infrastructure/httpapi/preview.go:29.2,29.15 1 1
network-debugger/internal/infrastructure/httpapi/preview.go:29.15,31.3 1 1
network-debugger/internal/infrastructure/httpapi/preview.go:32.2,35.25 4 1
network-debugger/internal/infrastructure/httpapi/preview.go:35.25,38.14 3 1
network-debugger/internal/infrastructure/httpapi/preview.go:38.14,40.4 1 1
network-debugger/internal/infrastructure/httpapi/preview.go:42.2,42.20 1 1
network-debugger/internal/infrastructure/httpapi/proxy_api.go:28.76,29.43 1 1
network-debugger/internal/infrastructure/httpapi/proxy_api.go:29.43,32.3 2 0
network-debugger/internal/infrastructure/httpapi/proxy_api.go:33.2,33.18 1 1
network-debugger/internal/infrastructure/httpapi/proxy_api.go:34.22,36.17 2 1
network-debugger/internal/infrastructure/httpapi/proxy_api.go:36.17,39.4 2 0
network-debugger/internal/infrastructure/httpapi/proxy_api.go:40.3,51.9 11 1
network-debugger/internal/infrastructure/httpapi/proxy_api.go:52.23,54.61 2 1
network-debugger/internal/infrastructure/httpapi/proxy_api.go:54.61,57.4 2 0
network-debugger/internal/infrastructure/httpapi/proxy_api.go:59.3,59.99 1 1
network-debugger/internal/infrastructure/httpapi/proxy_api.go:59.99,62.4 2 0
network-debugger/internal/infrastructure/httpapi/proxy_api.go:63.3,63.96 1 1
network-debugger/internal/infrastructure/httpapi/proxy_api.go:63.96,66.4 2 0
network-debugger/internal/infrastructure/httpapi/proxy_api.go:68.3,69.17 2 1
network-debugger/internal/infrastructure/httpapi/proxy_api.go:69.17,72.4 2 0
network-debugger/internal/infrastructure/httpapi/proxy_api.go:73.3,74.26 2 1
network-debugger/internal/infrastructure/httpapi/proxy_api.go:74.26,76.4 1 0
network-debugger/internal/infrastructure/httpapi/proxy_api.go:76.9,76.54 1 1
network-debugger/internal/infrastructure/httpapi/proxy_api.go:76.54,78.4 1 1
network-debugger/internal/infrastructure/httpapi/proxy_api.go:79.3,80.24 2 1
network-debugger/internal/infrastructure/httpapi/proxy_api.go:80.24,82.4 1 0
network-debugger/internal/infrastructure/httpapi/proxy_api.go:82.9,82.52 1 1
network-debugger/internal/infrastructure/httpapi/proxy_api.go:82.52,84.4 1 0
network-debugger/internal/infrastructure/httpapi/proxy_api.go:85.3,85.30 1 1
network-debugger/internal/infrastructure/httpapi/proxy_api.go:85.30,87.4 1 0
network-debugger/internal/infrastructure/httpapi/proxy_api.go:88.3,88.26 1 1
network-debugger/internal/infrastructure/httpapi/proxy_api.go:88.26,90.4 1 0
network-debugger/internal/infrastructure/httpapi/proxy_api.go:91.3,91.26 1 1
network-debugger/internal/infrastructure/httpapi/proxy_api.go:91.26,93.4 1 0
network-debugger/internal/infrastructure/httpapi/proxy_api.go:95.3,96.17 2 1
network-debugger/internal/infrastructure/httpapi/proxy_api.go:96.17,99.4 2 0
network-debugger/internal/infrastructure/httpapi/proxy_api.go:100.3,108.68 1 1
network-debugger/internal/infrastructure/httpapi/proxy_api.go:108.68,108.103 1 0
network-debugger/internal/infrastructure/httpapi/proxy_api.go:111.3,121.9 11 1
network-debugger/internal/infrastructure/httpapi/proxy_api.go:122.10,124.9 2 0
network-debugger/internal/infrastructure/httpapi/proxy_api.go:128.32,131.31 2 1
network-debugger/internal/infrastructure/httpapi/proxy_api.go:131.31,133.3 1 0
network-debugger/internal/infrastructure/httpapi/proxy_api.go:134.2,135.10 2 1
network-debugger/internal/infrastructure/httpapi/router.go:47.94,51.2 2 1
network-debugger/internal/infrastructure/httpapi/router.go:53.46,56.38 1 1
network-debugger/internal/infrastructure/httpapi/router.go:56.38,61.69 4 1
network-debugger/internal/infrastructure/httpapi/router.go:61.69,63.4 1 1
network-debugger/internal/infrastructure/httpapi/router.go:66.2,66.22 1 1
network-debugger/internal/infrastructure/httpapi/router.go:66.22,70.40 3 1
network-debugger/internal/infrastructure/httpapi/router.go:70.40,70.122 1 0
network-debugger/internal/infrastructure/httpapi/router.go:71.3,72.53 2 1
network-debugger/internal/infrastructure/httpapi/router.go:76.2,76.38 1 1
network-debugger/internal/infrastructure/httpapi/router.go:76.38,79.3 2 1
network-debugger/internal/infrastructure/httpapi/router.go:81.2,81.37 1 1
network-debugger/internal/infrastructure/httpapi/router.go:81.37,84.3 2 1
network-debugger/internal/infrastructure/httpapi/router.go:85.2,85.20 1 1
network-debugger/internal/infrastructure/httpapi/router.go:85.20,87.23 2 1
network-debugger/internal/infrastructure/httpapi/router.go:87.23,88.71 1 1
network-debugger/internal/infrastructure/httpapi/router.go:88.71,90.5 1 0
network-debugger/internal/infrastructure/httpapi/router.go:92.3,92.60 1 1
network-debugger/internal/infrastructure/httpapi/router.go:92.60,93.24 1 0
network-debugger/internal/infrastructure/httpapi/router.go:93.24,95.5 1 0
network-debugger/internal/infrastructure/httpapi/router.go:98.2,98.22 1 1
network-debugger/internal/infrastructure/httpapi/router.go:98.22,101.16 2 1
network-debugger/internal/infrastructure/httpapi/router.go:101.16,104.4 2 1
network-debugger/internal/infrastructure/httpapi/router.go:105.3,105.31 1 1
network-debugger/internal/infrastructure/httpapi/router.go:108.2,108.43 1 1
network-debugger/internal/infrastructure/httpapi/router.go:108.43,109.68 1 1
network-debugger/internal/infrastructure/httpapi/router.go:109.68,111.84 1 1
network-debugger/internal/infrastructure/httpapi/router.go:111.84,112.95 1 0
network-debugger/internal/infrastructure/httpapi/router.go:112.95,115.6 2 0
network-debugger/internal/infrastructure/httpapi/router.go:116.5,116.91 1 0
network-debugger/internal/infrastructure/httpapi/router.go:116.91,119.6 2 0
network-debugger/internal/infrastructure/httpapi/router.go:120.5,120.36 1 0
network-debugger/internal/infrastructure/httpapi/router.go:122.4,130.22 1 1
network-debugger/internal/infrastructure/httpapi/router.go:133.2,137.29 3 1
network-debugger/internal/infrastructure/httpapi/router.go:142.57,145.2 1 1
network-debugger/internal/infrastructure/httpapi/router.go:148.43,152.26 2 1
network-debugger/internal/infrastructure/httpapi/router.go:152.26,155.29 2 1
network-debugger/internal/infrastructure/httpapi/router.go:155.29,157.26 2 1
network-debugger/internal/infrastructure/httpapi/router.go:157.26,160.65 3 1
network-debugger/internal/infrastructure/httpapi/router.go:160.65,162.46 2 0
network-debugger/internal/infrastructure/httpapi/router.go:162.46,164.7 1 0
network-debugger/internal/infrastructure/httpapi/router.go:165.6,165.37 1 0
network-debugger/internal/infrastructure/httpapi/router.go:165.37,167.7 1 0
network-debugger/internal/infrastructure/httpapi/router.go:168.6,168.125 1 0
network-debugger/internal/infrastructure/httpapi/router.go:170.5,170.44 1 1
network-debugger/internal/infrastructure/httpapi/router.go:170.44,171.51 1 0
network-debugger/internal/infrastructure/httpapi/router.go:171.51,172.47 1 0
network-debugger/internal/infrastructure/httpapi/router.go:172.47,173.54 1 0
network-debugger/internal/infrastructure/httpapi/router.go:173.54,176.9 2 0
network-debugger/internal/infrastructure/httpapi/router.go:177.13,180.8 2 0
network-debugger/internal/infrastructure/httpapi/router.go:182.11,182.52 1 1
network-debugger/internal/infrastructure/httpapi/router.go:182.52,183.52 1 0
network-debugger/internal/infrastructure/httpapi/router.go:183.52,186.7 2 0
network-debugger/internal/infrastructure/httpapi/router.go:187.11,187.47 1 1
network-debugger/internal/infrastructure/httpapi/router.go:187.47,189.6 1 0
network-debugger/internal/infrastructure/httpapi/router.go:190.5,190.23 1 1
network-debugger/internal/infrastructure/httpapi/router.go:190.23,192.6 1 0
network-debugger/internal/infrastructure/httpapi/router.go:198.2,203.74 4 1
network-debugger/internal/infrastructure/httpapi/router.go:203.74,206.3 2 1
network-debugger/internal/infrastructure/httpapi/router.go:207.2,207.73 1 1
network-debugger/internal/infrastructure/httpapi/router.go:207.73,210.3 2 1
network-debugger/internal/infrastructure/httpapi/router.go:212.2,214.78 2 1
network-debugger/internal/infrastructure/httpapi/router.go:214.78,221.3 2 1
network-debugger/internal/infrastructure/httpapi/router.go:224.2,226.80 2 1
network-debugger/internal/infrastructure/httpapi/router.go:226.80,227.48 1 1
network-debugger/internal/infrastructure/httpapi/router.go:227.48,230.4 2 0
network-debugger/internal/infrastructure/httpapi/router.go:231.3,231.28 1 1
network-debugger/internal/infrastructure/httpapi/router.go:235.2,257.82 9 1
network-debugger/internal/infrastructure/httpapi/router.go:257.82,264.3 2 0
network-debugger/internal/infrastructure/httpapi/router.go:265.2,321.12 36 1
network-debugger/internal/infrastructure/httpapi/router.go:324.61,325.71 1 1
network-debugger/internal/infrastructure/httpapi/router.go:325.71,327.97 1 1
network-debugger/internal/infrastructure/httpapi/router.go:327.97,330.4 2 1
network-debugger/internal/infrastructure/httpapi/router.go:331.3,331.20 1 0
network-debugger/internal/infrastructure/httpapi/router.go:335.63,336.71 1 1
network-debugger/internal/infrastructure/httpapi/router.go:336.71,340.37 4 1
network-debugger/internal/infrastructure/httpapi/router.go:340.37,343.4 2 1
network-debugger/internal/infrastructure/httpapi/router.go:344.3,344.20 1 1
network-debugger/internal/infrastructure/httpapi/sessions_handlers.go:18.75,19.35 1 1
network-debugger/internal/infrastructure/httpapi/sessions_handlers.go:19.35,20.53 1 1
network-debugger/internal/infrastructure/httpapi/sessions_handlers.go:20.53,23.4 2 0
network-debugger/internal/infrastructure/httpapi/sessions_handlers.go:25.3,25.20 1 1
network-debugger/internal/infrastructure/httpapi/sessions_handlers.go:25.20,27.4 1 1
network-debugger/internal/infrastructure/httpapi/sessions_handlers.go:29.3,29.23 1 1
network-debugger/internal/infrastructure/httpapi/sessions_handlers.go:29.23,31.4 1 1
network-debugger/internal/infrastructure/httpapi/sessions_handlers.go:32.3,33.9 2 1
network-debugger/internal/infrastructure/httpapi/sessions_handlers.go:35.2,38.16 4 1
network-debugger/internal/infrastructure/httpapi/sessions_handlers.go:38.16,40.3 1 0
network-debugger/internal/infrastructure/httpapi/sessions_handlers.go:41.2,44.16 4 1
network-debugger/internal/infrastructure/httpapi/sessions_handlers.go:44.16,47.3 2 0
network-debugger/internal/infrastructure/httpapi/sessions_handlers.go:48.2,49.79 2 1
network-debugger/internal/infrastructure/httpapi/sessions_handlers.go:52.74,57.14 4 1
network-debugger/internal/infrastructure/httpapi/sessions_handlers.go:57.14,60.3 2 0
network-debugger/internal/infrastructure/httpapi/sessions_handlers.go:61.2,61.21 1 1
network-debugger/internal/infrastructure/httpapi/sessions_handlers.go:61.21,62.36 1 1
network-debugger/internal/infrastructure/httpapi/sessions_handlers.go:62.36,66.4 3 1
network-debugger/internal/infrastructure/httpapi/sessions_handlers.go:67.3,68.17 2 1
network-debugger/internal/infrastructure/httpapi/sessions_handlers.go:68.17,71.4 2 0
network-debugger/internal/infrastructure/httpapi/sessions_handlers.go:72.3,72.10 1 1
network-debugger/internal/infrastructure/httpapi/sessions_handlers.go:72.10,75.4 2 0
network-debugger/internal/infrastructure/httpapi/sessions_handlers.go:76.3,78.9 3 1
network-debugger/internal/infrastructure/httpapi/sessions_handlers.go:80.2,80.18 1 1
network-debugger/internal/infrastructure/httpapi/sessions_handlers.go:81.16,83.17 2 1
network-debugger/internal/infrastructure/httpapi/sessions_handlers.go:83.17,85.4 1 1
network-debugger/internal/infrastructure/httpapi/sessions_handlers.go:86.3,88.17 3 1
network-debugger/internal/infrastructure/httpapi/sessions_handlers.go:88.17,91.4 2 0
network-debugger/internal/infrastructure/httpapi/sessions_handlers.go:92.3,93.79 2 1
network-debugger/internal/infrastructure/httpapi/sessions_handlers.go:94.16,96.17 2 1
network-debugger/internal/infrastructure/httpapi/sessions_handlers.go:96.17,98.4 1 1
network-debugger/internal/infrastructure/httpapi/sessions_handlers.go:99.3,101.17 3 1
network-debugger/internal/infrastructure/httpapi/sessions_handlers.go:101.17,104.4 2 0
network-debugger/internal/infrastructure/httpapi/sessions_handlers.go:106.3,116.28 3 1
network-debugger/internal/infrastructure/httpapi/sessions_handlers.go:116.28,126.4 1 1
network-debugger/internal/infrastructure/httpapi/sessions_handlers.go:127.3,128.76 2 1
network-debugger/internal/infrastructure/httpapi/sessions_handlers.go:129.14,131.17 2 1
network-debugger/internal/infrastructure/httpapi/sessions_handlers.go:131.17,133.4 1 1
network-debugger/internal/infrastructure/httpapi/sessions_handlers.go:134.3,136.17 3 1
network-debugger/internal/infrastructure/httpapi/sessions_handlers.go:136.17,139.4 2 0
network-debugger/internal/infrastructure/httpapi/sessions_handlers.go:140.3,141.76 2 1
network-debugger/internal/infrastructure/httpapi/sessions_handlers.go:142.13,145.9 2 1
network-debugger/internal/infrastructure/httpapi/sessions_handlers.go:146.16,149.17 2 1
network-debugger/internal/infrastructure/httpapi/sessions_handlers.go:149.17,152.4 2 0
network-debugger/internal/infrastructure/httpapi/sessions_handlers.go:153.3,153.10 1 1
network-debugger/internal/infrastructure/httpapi/sessions_handlers.go:153.10,156.4 2 0
network-debugger/internal/infrastructure/httpapi/sessions_handlers.go:158.3,159.79 2 1
network-debugger/internal/infrastructure/httpapi/sessions_handlers.go:159.79,161.4 1 1
network-debugger/internal/infrastructure/httpapi/sessions_handlers.go:161.9,161.88 1 1
network-debugger/internal/infrastructure/httpapi/sessions_handlers.go:161.88,163.4 1 1
network-debugger/internal/infrastructure/httpapi/sessions_handlers.go:164.3,168.14 5 1
network-debugger/internal/infrastructure/httpapi/sessions_handlers.go:168.14,172.4 3 1
network-debugger/internal/infrastructure/httpapi/sessions_handlers.go:172.9,174.4 1 0
network-debugger/internal/infrastructure/httpapi/sessions_handlers.go:175.3,175.19 1 1
network-debugger/internal/infrastructure/httpapi/sessions_handlers.go:175.19,176.17 1 1
network-debugger/internal/infrastructure/httpapi/sessions_handlers.go:176.17,178.5 1 1
network-debugger/internal/infrastructure/httpapi/sessions_handlers.go:179.4,179.37 1 1
network-debugger/internal/infrastructure/httpapi/sessions_handlers.go:179.37,181.5 1 1
network-debugger/internal/infrastructure/httpapi/sessions_handlers.go:183.3,183.27 1 1
network-debugger/internal/infrastructure/httpapi/sessions_handlers.go:183.27,183.56 1 1
network-debugger/internal/infrastructure/httpapi/sessions_handlers.go:184.3,190.7 7 1
network-debugger/internal/infrastructure/httpapi/sessions_handlers.go:190.7,192.18 2 1
network-debugger/internal/infrastructure/httpapi/sessions_handlers.go:192.18,193.10 1 0
network-debugger/internal/infrastructure/httpapi/sessions_handlers.go:195.4,195.30 1 1
network-debugger/internal/infrastructure/httpapi/sessions_handlers.go:195.30,197.15 2 1
network-debugger/internal/infrastructure/httpapi/sessions_handlers.go:197.15,199.6 1 0
network-debugger/internal/infrastructure/httpapi/sessions_handlers.go:199.11,201.6 1 1
network-debugger/internal/infrastructure/httpapi/sessions_handlers.go:202.5,202.14 1 1
network-debugger/internal/infrastructure/httpapi/sessions_handlers.go:204.4,205.18 2 1
network-debugger/internal/infrastructure/httpapi/sessions_handlers.go:205.18,206.10 1 1
network-debugger/internal/infrastructure/httpapi/sessions_handlers.go:208.4,208.15 1 0
network-debugger/internal/infrastructure/httpapi/sessions_handlers.go:210.3,213.7 4 1
network-debugger/internal/infrastructure/httpapi/sessions_handlers.go:213.7,215.18 2 1
network-debugger/internal/infrastructure/httpapi/sessions_handlers.go:215.18,216.10 1 0
network-debugger/internal/infrastructure/httpapi/sessions_handlers.go:218.4,218.25 1 1
network-debugger/internal/infrastructure/httpapi/sessions_handlers.go:218.25,220.15 2 1
network-debugger/internal/infrastructure/httpapi/sessions_handlers.go:220.15,222.6 1 0
network-debugger/internal/infrastructure/httpapi/sessions_handlers.go:222.11,224.6 1 1
network-debugger/internal/infrastructure/httpapi/sessions_handlers.go:225.5,225.14 1 1
network-debugger/internal/infrastructure/httpapi/sessions_handlers.go:227.4,228.18 2 1
network-debugger/internal/infrastructure/httpapi/sessions_handlers.go:228.18,229.10 1 1
network-debugger/internal/infrastructure/httpapi/sessions_handlers.go:231.4,231.15 1 0
network-debugger/internal/infrastructure/httpapi/sessions_handlers.go:233.3,234.16 2 1
network-debugger/internal/infrastructure/httpapi/sessions_handlers.go:234.16,236.4 1 1
network-debugger/internal/infrastructure/httpapi/sessions_handlers.go:237.3,237.9 1 1
network-debugger/internal/infrastructure/httpapi/sessions_handlers.go:238.10,239.77 1 1
network-debugger/internal/infrastructure/httpapi/sessions_handlers.go:248.77,249.35 1 1
network-debugger/internal/infrastructure/httpapi/sessions_handlers.go:249.35,250.53 1 1
network-debugger/internal/infrastructure/httpapi/sessions_handlers.go:250.53,253.4 2 0
network-debugger/internal/infrastructure/httpapi/sessions_handlers.go:255.3,255.20 1 1
network-debugger/internal/infrastructure/httpapi/sessions_handlers.go:255.20,257.4 1 1
network-debugger/internal/infrastructure/httpapi/sessions_handlers.go:258.3,258.23 1 1
network-debugger/internal/infrastructure/httpapi/sessions_handlers.go:258.23,260.4 1 1
network-debugger/internal/infrastructure/httpapi/sessions_handlers.go:261.3,262.9 2 1
network-debugger/internal/infrastructure/httpapi/sessions_handlers.go:264.2,274.25 10 1
network-debugger/internal/infrastructure/httpapi/sessions_handlers.go:274.25,275.21 1 0
network-debugger/internal/infrastructure/httpapi/sessions_handlers.go:275.21,277.9 2 0
network-debugger/internal/infrastructure/httpapi/sessions_handlers.go:280.2,281.32 2 1
network-debugger/internal/infrastructure/httpapi/sessions_handlers.go:281.32,283.3 1 1
network-debugger/internal/infrastructure/httpapi/sessions_handlers.go:286.2,290.18 4 1
network-debugger/internal/infrastructure/httpapi/sessions_handlers.go:290.18,291.26 1 0
network-debugger/internal/infrastructure/httpapi/sessions_handlers.go:291.26,294.4 2 0
network-debugger/internal/infrastructure/httpapi/sessions_handlers.go:294.9,294.56 1 0
network-debugger/internal/infrastructure/httpapi/sessions_handlers.go:294.56,296.4 1 0
network-debugger/internal/infrastructure/httpapi/sessions_handlers.go:298.2,298.80 1 1
network-debugger/internal/infrastructure/httpapi/sessions_handlers.go:298.80,300.3 1 1
network-debugger/internal/infrastructure/httpapi/sessions_handlers.go:301.2,301.44 1 1
network-debugger/internal/infrastructure/httpapi/sessions_handlers.go:301.44,304.3 2 1
network-debugger/internal/infrastructure/httpapi/sessions_handlers.go:305.2,306.16 2 1
network-debugger/internal/infrastructure/httpapi/sessions_handlers.go:306.16,309.3 2 0
network-debugger/internal/infrastructure/httpapi/sessions_handlers.go:311.2,312.26 2 1
network-debugger/internal/infrastructure/httpapi/sessions_handlers.go:312.26,315.36 3 1
network-debugger/internal/infrastructure/httpapi/sessions_handlers.go:315.36,318.4 2 0
network-debugger/internal/infrastructure/httpapi/sessions_handlers.go:319.3,319.18 1 1
network-debugger/internal/infrastructure/httpapi/sessions_handlers.go:319.18,321.4 1 1
network-debugger/internal/infrastructure/httpapi/sessions_handlers.go:322.3,322.16 1 1
network-debugger/internal/infrastructure/httpapi/sessions_handlers.go:322.16,324.4 1 1
network-debugger/internal/infrastructure/httpapi/sessions_handlers.go:326.3,326.21 1 1
network-debugger/internal/infrastructure/httpapi/sessions_handlers.go:326.21,330.28 3 0
network-debugger/internal/infrastructure/httpapi/sessions_handlers.go:330.28,331.23 1 0
network-debugger/internal/infrastructure/httpapi/sessions_handlers.go:331.23,333.11 2 0
network-debugger/internal/infrastructure/httpapi/sessions_handlers.go:336.4,336.35 1 0
network-debugger/internal/infrastructure/httpapi/sessions_handlers.go:336.35,337.38 1 0
network-debugger/internal/infrastructure/httpapi/sessions_handlers.go:337.38,338.63 1 0
network-debugger/internal/infrastructure/httpapi/sessions_handlers.go:338.63,340.7 1 0
network-debugger/internal/infrastructure/httpapi/sessions_handlers.go:343.4,343.31 1 0
network-debugger/internal/infrastructure/httpapi/sessions_handlers.go:343.31,344.13 1 0
network-debugger/internal/infrastructure/httpapi/sessions_handlers.go:348.3,348.28 1 1
network-debugger/internal/infrastructure/httpapi/sessions_handlers.go:348.28,349.59 1 0
network-debugger/internal/infrastructure/httpapi/sessions_handlers.go:349.59,350.13 1 0
network-debugger/internal/infrastructure/httpapi/sessions_handlers.go:353.3,353.30 1 1
network-debugger/internal/infrastructure/httpapi/sessions_handlers.go:355.2,357.26 3 1
network-debugger/internal/infrastructure/httpapi/sessions_handlers.go:357.26,359.3 1 0
network-debugger/internal/infrastructure/httpapi/sessions_handlers.go:360.2,360.77 1 1
network-debugger/internal/infrastructure/httpapi/sessions_handlers.go:364.76,368.14 4 1
network-debugger/internal/infrastructure/httpapi/sessions_handlers.go:368.14,371.3 2 0
network-debugger/internal/infrastructure/httpapi/sessions_handlers.go:372.2,372.21 1 1
network-debugger/internal/infrastructure/httpapi/sessions_handlers.go:372.21,373.36 1 1
network-debugger/internal/infrastructure/httpapi/sessions_handlers.go:373.36,377.4 3 1
network-debugger/internal/infrastructure/httpapi/sessions_handlers.go:378.3,379.17 2 1
network-debugger/internal/infrastructure/httpapi/sessions_handlers.go:379.17,382.4 2 0
network-debugger/internal/infrastructure/httpapi/sessions_handlers.go:383.3,383.10 1 1
network-debugger/internal/infrastructure/httpapi/sessions_handlers.go:383.10,386.4 2 1
network-debugger/internal/infrastructure/httpapi/sessions_handlers.go:387.3,389.39 3 1
network-debugger/internal/infrastructure/httpapi/sessions_handlers.go:389.39,392.4 2 0
network-debugger/internal/infrastructure/httpapi/sessions_handlers.go:393.3,393.18 1 1
network-debugger/internal/infrastructure/httpapi/sessions_handlers.go:393.18,395.4 1 1
network-debugger/internal/infrastructure/httpapi/sessions_handlers.go:396.3,396.16 1 1
network-debugger/internal/infrastructure/httpapi/sessions_handlers.go:396.16,398.4 1 1
network-debugger/internal/infrastructure/httpapi/sessions_handlers.go:399.3,401.9 3 1
network-debugger/internal/infrastructure/httpapi/sessions_handlers.go:403.2,403.18 1 1
network-debugger/internal/infrastructure/httpapi/sessions_handlers.go:404.16,406.17 2 1
network-debugger/internal/infrastructure/httpapi/sessions_handlers.go:406.17,408.4 1 1
network-debugger/internal/infrastructure/httpapi/sessions_handlers.go:409.3,411.17 3 1
network-debugger/internal/infrastructure/httpapi/sessions_handlers.go:411.17,414.4 2 0
network-debugger/internal/infrastructure/httpapi/sessions_handlers.go:415.3,416.79 2 1
network-debugger/internal/infrastructure/httpapi/sessions_handlers.go:417.16,419.17 2 1
network-debugger/internal/infrastructure/httpapi/sessions_handlers.go:419.17,421.4 1 1
network-debugger/internal/infrastructure/httpapi/sessions_handlers.go:422.3,424.17 3 1
network-debugger/internal/infrastructure/httpapi/sessions_handlers.go:424.17,427.4 2 0
network-debugger/internal/infrastructure/httpapi/sessions_handlers.go:428.3,429.79 2 1
network-debugger/internal/infrastructure/httpapi/sessions_handlers.go:430.14,434.94 3 1
network-debugger/internal/infrastructure/httpapi/sessions_handlers.go:435.10,436.77 1 0
network-debugger/internal/infrastructure/httpapi/sessions_handlers.go:442.34,443.13 1 1
network-debugger/internal/infrastructure/httpapi/sessions_handlers.go:443.13,445.3 1 1
network-debugger/internal/infrastructure/httpapi/sessions_handlers.go:446.2,448.26 3 1
network-debugger/internal/infrastructure/httpapi/sessions_handlers.go:448.26,450.14 2 1
network-debugger/internal/infrastructure/httpapi/sessions_handlers.go:450.14,452.4 1 1
network-debugger/internal/infrastructure/httpapi/sessions_handlers.go:454.2,454.12 1 1
network-debugger/internal/infrastructure/httpapi/sessions_handlers.go:457.62,458.20 1 1
network-debugger/internal/infrastructure/httpapi/sessions_handlers.go:458.20,460.3 1 1
network-debugger/internal/infrastructure/httpapi/sessions_handlers.go:461.2,461.25 1 1
network-debugger/internal/infrastructure/httpapi/sessions_handlers.go:461.25,462.27 1 1
network-debugger/internal/infrastructure/httpapi/sessions_handlers.go:462.27,464.4 1 1
network-debugger/internal/infrastructure/httpapi/sessions_handlers.go:466.2,466.14 1 1
network-debugger/internal/infrastructure/httpapi/sessions_handlers.go:480.51,482.23 2 1
network-debugger/internal/infrastructure/httpapi/sessions_handlers.go:482.23,484.3 1 1
network-debugger/internal/infrastructure/httpapi/sessions_handlers.go:485.2,488.44 4 1
network-debugger/internal/infrastructure/httpapi/sessions_handlers.go:488.44,490.67 2 1
network-debugger/internal/infrastructure/httpapi/sessions_handlers.go:490.67,492.4 1 1
network-debugger/internal/infrastructure/httpapi/sessions_handlers.go:494.2,496.13 3 1
network-debugger/internal/infrastructure/httpapi/sessions_handlers.go:499.55,502.58 2 1
network-debugger/internal/infrastructure/httpapi/sessions_handlers.go:502.58,504.17 2 1
network-debugger/internal/infrastructure/httpapi/sessions_handlers.go:505.16,506.30 1 1
network-debugger/internal/infrastructure/httpapi/sessions_handlers.go:507.15,508.29 1 1
network-debugger/internal/infrastructure/httpapi/sessions_handlers.go:509.20,510.27 1 1
network-debugger/internal/infrastructure/httpapi/sessions_handlers.go:513.3,514.37 2 1
network-debugger/internal/infrastructure/httpapi/sessions_handlers.go:514.37,516.4 1 1
network-debugger/internal/infrastructure/httpapi/sessions_handlers.go:518.2,518.37 1 1
network-debugger/internal/infrastructure/httpapi/sessions_handlers.go:518.37,520.3 1 1
network-debugger/internal/infrastructure/httpapi/sessions_handlers.go:522.2,522.23 1 1
network-debugger/internal/infrastructure/httpapi/sessions_handlers.go:522.23,524.17 2 1
network-debugger/internal/infrastructure/httpapi/sessions_handlers.go:524.17,525.38 1 1
network-debugger/internal/infrastructure/httpapi/sessions_handlers.go:525.38,527.5 1 1
network-debugger/internal/infrastructure/httpapi/sessions_handlers.go:528.4,528.104 1 1
network-debugger/internal/infrastructure/httpapi/sessions_handlers.go:528.104,530.5 1 1
network-debugger/internal/infrastructure/httpapi/sessions_handlers.go:531.4,531.37 1 1
network-debugger/internal/infrastructure/httpapi/sessions_handlers.go:531.37,533.5 1 1
network-debugger/internal/infrastructure/httpapi/sessions_handlers.go:534.4,534.78 1 1
network-debugger/internal/infrastructure/httpapi/sessions_handlers.go:534.78,536.5 1 1
network-debugger/internal/infrastructure/httpapi/sessions_handlers.go:537.4,537.37 1 1
network-debugger/internal/infrastructure/httpapi/sessions_handlers.go:537.37,539.5 1 1
network-debugger/internal/infrastructure/httpapi/sessions_handlers.go:540.4,540.41 1 1
network-debugger/internal/infrastructure/httpapi/sessions_handlers.go:540.41,542.5 1 1
network-debugger/internal/infrastructure/httpapi/sessions_handlers.go:543.4,543.151 1 1
network-debugger/internal/infrastructure/httpapi/sessions_handlers.go:543.151,545.5 1 1
network-debugger/internal/infrastructure/httpapi/sessions_handlers.go:546.4,546.145 1 1
network-debugger/internal/infrastructure/httpapi/sessions_handlers.go:546.145,548.5 1 1
network-debugger/internal/infrastructure/httpapi/sessions_handlers.go:551.2,551.20 1 1
network-debugger/internal/infrastructure/httpapi/sessions_handlers.go:551.20,553.3 1 0
network-debugger/internal/infrastructure/httpapi/sessions_handlers.go:554.2,554.13 1 1
network-debugger/internal/infrastructure/httpapi/sessions_handlers.go:557.68,558.22 1 1
network-debugger/internal/infrastructure/httpapi/sessions_handlers.go:558.22,560.3 1 1
network-debugger/internal/infrastructure/httpapi/sessions_handlers.go:561.2,561.17 1 1
network-debugger/internal/infrastructure/httpapi/sessions_handlers.go:561.17,563.3 1 1
network-debugger/internal/infrastructure/httpapi/sessions_handlers.go:564.2,565.27 2 1
network-debugger/internal/infrastructure/httpapi/sessions_handlers.go:565.27,566.12 1 1
network-debugger/internal/infrastructure/httpapi/sessions_handlers.go:567.14,568.30 1 1
network-debugger/internal/infrastructure/httpapi/sessions_handlers.go:568.30,570.5 1 1
network-debugger/internal/infrastructure/httpapi/sessions_handlers.go:571.14,572.30 1 1
network-debugger/internal/infrastructure/httpapi/sessions_handlers.go:572.30,574.5 1 1
network-debugger/internal/infrastructure/httpapi/sessions_handlers.go:575.14,576.30 1 1
network-debugger/internal/infrastructure/httpapi/sessions_handlers.go:576.30,578.5 1 1
network-debugger/internal/infrastructure/httpapi/sessions_handlers.go:579.14,580.30 1 1
network-debugger/internal/infrastructure/httpapi/sessions_handlers.go:580.30,582.5 1 1
network-debugger/internal/infrastructure/httpapi/sessions_handlers.go:583.14,584.30 1 1
network-debugger/internal/infrastructure/httpapi/sessions_handlers.go:584.30,586.5 1 1
network-debugger/internal/infrastructure/httpapi/sessions_handlers.go:589.2,589.14 1 1
network-debugger/internal/infrastructure/httpapi/sessions_handlers.go:595.54,598.16 2 1
network-debugger/internal/infrastructure/httpapi/sessions_handlers.go:598.16,600.3 1 1
network-debugger/internal/infrastructure/httpapi/sessions_handlers.go:601.2,601.26 1 1
network-debugger/internal/infrastructure/httpapi/sessions_handlers.go:614.79,615.78 1 0
network-debugger/internal/infrastructure/httpapi/sessions_handlers.go:615.78,617.48 1 0
network-debugger/internal/infrastructure/httpapi/sessions_handlers.go:617.48,619.35 2 0
network-debugger/internal/infrastructure/httpapi/sessions_handlers.go:619.35,621.5 1 0
network-debugger/internal/infrastructure/httpapi/sessions_handlers.go:624.3,625.41 2 0
network-debugger/internal/infrastructure/httpapi/sessions_handlers.go:625.41,627.75 2 0
network-debugger/internal/infrastructure/httpapi/sessions_handlers.go:627.75,628.13 1 0
network-debugger/internal/infrastructure/httpapi/sessions_handlers.go:630.4,630.58 1 0
network-debugger/internal/infrastructure/httpapi/sessions_handlers.go:630.58,631.13 1 0
network-debugger/internal/infrastructure/httpapi/sessions_handlers.go:634.4,634.53 1 0
network-debugger/internal/infrastructure/httpapi/sessions_handlers.go:634.53,635.25 1 0
network-debugger/internal/infrastructure/httpapi/sessions_handlers.go:635.25,637.30 2 0
network-debugger/internal/infrastructure/httpapi/sessions_handlers.go:637.30,638.67 1 0
network-debugger/internal/infrastructure/httpapi/sessions_handlers.go:638.67,640.13 2 0
network-debugger/internal/infrastructure/httpapi/sessions_handlers.go:645.4,645.11 1 0
network-debugger/internal/infrastructure/httpapi/sessions_handlers.go:645.11,646.10 1 0
network-debugger/internal/infrastructure/httpapi/sessions_handlers.go:649.4,650.18 2 0
network-debugger/internal/infrastructure/httpapi/sessions_handlers.go:650.18,652.50 2 0
network-debugger/internal/infrastructure/httpapi/sessions_handlers.go:652.50,653.35 1 0
network-debugger/internal/infrastructure/httpapi/sessions_handlers.go:653.35,655.7 1 0
network-debugger/internal/infrastructure/httpapi/sessions_handlers.go:655.12,655.50 1 0
network-debugger/internal/infrastructure/httpapi/sessions_handlers.go:655.50,657.7 1 0
network-debugger/internal/infrastructure/httpapi/sessions_handlers.go:660.4,660.9 1 0
network-debugger/internal/infrastructure/httpapi/sessions_handlers.go:662.3,663.13 2 0
network-debugger/internal/infrastructure/httpapi/sessions_handlers.go:665.2,665.14 1 0
network-debugger/internal/infrastructure/httpapi/sessions_handlers.go:669.82,673.16 2 1
network-debugger/internal/infrastructure/httpapi/sessions_handlers.go:673.16,676.3 2 0
network-debugger/internal/infrastructure/httpapi/sessions_handlers.go:677.2,678.26 2 1
network-debugger/internal/infrastructure/httpapi/sessions_handlers.go:678.26,680.45 2 1
network-debugger/internal/infrastructure/httpapi/sessions_handlers.go:680.45,682.4 1 1
network-debugger/internal/infrastructure/httpapi/sessions_handlers.go:683.3,683.47 1 1
network-debugger/internal/infrastructure/httpapi/sessions_handlers.go:683.47,685.4 1 1
network-debugger/internal/infrastructure/httpapi/sessions_handlers.go:686.3,686.13 1 1
network-debugger/internal/infrastructure/httpapi/sessions_handlers.go:688.2,695.24 3 1
network-debugger/internal/infrastructure/httpapi/sessions_handlers.go:695.24,697.3 1 1
network-debugger/internal/infrastructure/httpapi/sessions_handlers.go:698.2,699.36 2 1
network-debugger/internal/infrastructure/httpapi/sessions_handlers.go:703.72,708.9 3 1
network-debugger/internal/infrastructure/httpapi/sessions_handlers.go:708.9,711.3 2 0
network-debugger/internal/infrastructure/httpapi/sessions_handlers.go:712.2,716.18 2 1
network-debugger/internal/infrastructure/httpapi/sessions_handlers.go:717.22,720.68 3 1
network-debugger/internal/infrastructure/httpapi/sessions_handlers.go:721.23,727.14 4 1
network-debugger/internal/infrastructure/httpapi/sessions_handlers.go:728.16,731.70 3 1
network-debugger/internal/infrastructure/httpapi/sessions_handlers.go:732.15,735.71 3 1
network-debugger/internal/infrastructure/httpapi/sessions_handlers.go:736.11,737.88 1 1
network-debugger/internal/infrastructure/httpapi/sessions_handlers.go:739.10,740.88 1 0
network-debugger/internal/infrastructure/httpapi/sessions_handlers.go:744.73,748.26 3 1
network-debugger/internal/infrastructure/httpapi/sessions_handlers.go:748.26,749.25 1 1
network-debugger/internal/infrastructure/httpapi/sessions_handlers.go:749.25,751.4 1 1
network-debugger/internal/infrastructure/httpapi/sessions_handlers.go:754.2,754.48 1 1
network-debugger/internal/infrastructure/httpapi/sessions_handlers.go:754.48,755.69 1 1
network-debugger/internal/infrastructure/httpapi/sessions_handlers.go:755.69,758.4 2 1
network-debugger/internal/infrastructure/httpapi/sessions_handlers.go:760.2,761.23 2 1
network-debugger/internal/infrastructure/httpapi/sessions_handlers.go:761.23,763.3 1 1
network-debugger/internal/infrastructure/httpapi/sessions_handlers.go:764.2,765.61 2 1
network-debugger/internal/infrastructure/httpapi/sessions_handlers.go:769.54,772.2 1 1
network-debugger/internal/infrastructure/httpapi/sessions_handlers.go:824.98,826.33 2 1
network-debugger/internal/infrastructure/httpapi/sessions_handlers.go:826.33,828.3 1 0
network-debugger/internal/infrastructure/httpapi/sessions_handlers.go:829.2,843.81 6 1
network-debugger/internal/infrastructure/httpapi/sessions_handlers.go:843.81,844.41 1 1
network-debugger/internal/infrastructure/httpapi/sessions_handlers.go:844.41,846.75 2 1
network-debugger/internal/infrastructure/httpapi/sessions_handlers.go:846.75,847.13 1 1
network-debugger/internal/infrastructure/httpapi/sessions_handlers.go:849.4,849.81 1 1
network-debugger/internal/infrastructure/httpapi/sessions_handlers.go:849.81,850.54 1 1
network-debugger/internal/infrastructure/httpapi/sessions_handlers.go:850.54,852.6 1 1
network-debugger/internal/infrastructure/httpapi/sessions_handlers.go:854.4,854.79 1 1
network-debugger/internal/infrastructure/httpapi/sessions_handlers.go:854.79,855.54 1 1
network-debugger/internal/infrastructure/httpapi/sessions_handlers.go:855.54,857.6 1 1
network-debugger/internal/infrastructure/httpapi/sessions_handlers.go:859.4,859.47 1 1
network-debugger/internal/infrastructure/httpapi/sessions_handlers.go:859.47,860.10 1 1
network-debugger/internal/infrastructure/httpapi/sessions_handlers.go:864.2,864.24 1 1
network-debugger/internal/infrastructure/httpapi/sessions_handlers.go:864.24,866.3 1 1
network-debugger/internal/infrastructure/httpapi/sessions_handlers.go:869.2,876.20 5 1
network-debugger/internal/infrastructure/httpapi/sessions_handlers.go:879.57,881.22 2 1
network-debugger/internal/infrastructure/httpapi/sessions_handlers.go:881.22,883.3 1 1
network-debugger/internal/infrastructure/httpapi/sessions_handlers.go:884.2,884.12 1 1
network-debugger/internal/infrastructure/httpapi/sessions_handlers.go:887.29,888.23 1 1
network-debugger/internal/infrastructure/httpapi/sessions_handlers.go:889.14,890.11 1 1
network-debugger/internal/infrastructure/httpapi/sessions_handlers.go:891.10,893.19 2 1
network-debugger/internal/infrastructure/httpapi/sessions_handlers.go:897.71,898.16 1 1
network-debugger/internal/infrastructure/httpapi/sessions_handlers.go:898.16,900.3 1 1
network-debugger/internal/infrastructure/httpapi/sessions_handlers.go:901.2,905.18 5 1
network-debugger/internal/infrastructure/httpapi/sessions_handlers.go:905.18,906.49 1 1
network-debugger/internal/infrastructure/httpapi/sessions_handlers.go:906.49,908.4 1 1
network-debugger/internal/infrastructure/httpapi/sessions_handlers.go:910.2,912.38 3 1
network-debugger/internal/infrastructure/httpapi/sessions_handlers.go:912.38,914.3 1 1
network-debugger/internal/infrastructure/httpapi/sessions_handlers.go:914.8,914.20 1 1
network-debugger/internal/infrastructure/httpapi/sessions_handlers.go:914.20,916.3 1 1
network-debugger/internal/infrastructure/httpapi/sessions_handlers.go:917.2,917.79 1 1
network-debugger/internal/infrastructure/httpapi/sessions_handlers.go:920.52,921.13 1 1
network-debugger/internal/infrastructure/httpapi/sessions_handlers.go:921.13,923.3 1 1
network-debugger/internal/infrastructure/httpapi/sessions_handlers.go:924.2,926.26 3 1
network-debugger/internal/infrastructure/httpapi/sessions_handlers.go:926.26,928.14 2 1
network-debugger/internal/infrastructure/httpapi/sessions_handlers.go:928.14,929.12 1 1
network-debugger/internal/infrastructure/httpapi/sessions_handlers.go:931.3,931.45 1 1
network-debugger/internal/infrastructure/httpapi/sessions_handlers.go:931.45,935.4 3 1
network-debugger/internal/infrastructure/httpapi/sessions_handlers.go:935.9,937.4 1 1
network-debugger/internal/infrastructure/httpapi/sessions_handlers.go:939.2,939.12 1 1
network-debugger/internal/infrastructure/httpapi/sessions_handlers.go:942.96,943.31 1 1
network-debugger/internal/infrastructure/httpapi/sessions_handlers.go:943.31,945.3 1 1
network-debugger/internal/infrastructure/httpapi/sessions_handlers.go:946.2,947.18 2 1
network-debugger/internal/infrastructure/httpapi/sessions_handlers.go:947.18,949.3 1 1
network-debugger/internal/infrastructure/httpapi/sessions_handlers.go:950.2,957.17 7 1
network-debugger/internal/infrastructure/httpapi/sessions_handlers.go:957.17,964.16 7 1
network-debugger/internal/infrastructure/httpapi/sessions_handlers.go:964.16,966.4 1 1
network-debugger/internal/infrastructure/httpapi/sessions_handlers.go:966.9,966.23 1 1
network-debugger/internal/infrastructure/httpapi/sessions_handlers.go:966.23,968.4 1 1
network-debugger/internal/infrastructure/httpapi/sessions_handlers.go:968.9,968.24 1 1
network-debugger/internal/infrastructure/httpapi/sessions_handlers.go:968.24,970.4 1 1
network-debugger/internal/infrastructure/httpapi/sessions_handlers.go:971.8,975.16 4 1
network-debugger/internal/infrastructure/httpapi/sessions_handlers.go:975.16,977.4 1 1
network-debugger/internal/infrastructure/httpapi/sessions_handlers.go:977.9,977.48 1 1
network-debugger/internal/infrastructure/httpapi/sessions_handlers.go:977.48,979.4 1 1
network-debugger/internal/infrastructure/httpapi/sessions_handlers.go:981.2,981.144 1 1
network-debugger/internal/infrastructure/httpapi/sessions_handlers.go:985.42,987.9 2 1
network-debugger/internal/infrastructure/httpapi/sessions_handlers.go:988.90,989.19 1 1
network-debugger/internal/infrastructure/httpapi/sessions_handlers.go:990.88,991.15 1 1
network-debugger/internal/infrastructure/httpapi/sessions_handlers.go:992.103,993.15 1 1
network-debugger/internal/infrastructure/httpapi/sessions_handlers.go:994.89,995.19 1 1
network-debugger/internal/infrastructure/httpapi/sessions_handlers.go:996.87,997.15 1 1
network-debugger/internal/infrastructure/httpapi/sessions_handlers.go:998.156,999.15 1 1
network-debugger/internal/infrastructure/httpapi/sessions_handlers.go:1000.89,1001.18 1 1
network-debugger/internal/infrastructure/httpapi/sessions_handlers.go:1002.10,1003.17 1 1
network-debugger/internal/infrastructure/httpapi/sessions_handlers.go:1007.64,1008.25 1 1
network-debugger/internal/infrastructure/httpapi/sessions_handlers.go:1008.25,1010.3 1 1
network-debugger/internal/infrastructure/httpapi/sessions_handlers.go:1011.2,1011.23 1 1
network-debugger/internal/infrastructure/httpapi/sessions_handlers.go:1011.23,1013.3 1 1
network-debugger/internal/infrastructure/httpapi/sessions_handlers.go:1014.2,1014.30 1 1
network-debugger/internal/infrastructure/httpapi/sessions_handlers.go:1014.30,1016.29 2 1
network-debugger/internal/infrastructure/httpapi/sessions_handlers.go:1016.29,1017.48 1 1
network-debugger/internal/infrastructure/httpapi/sessions_handlers.go:1017.48,1019.10 2 1
network-debugger/internal/infrastructure/httpapi/sessions_handlers.go:1022.3,1022.10 1 1
network-debugger/internal/infrastructure/httpapi/sessions_handlers.go:1022.10,1024.4 1 1
network-debugger/internal/infrastructure/httpapi/sessions_handlers.go:1026.2,1026.13 1 1
network-debugger/internal/infrastructure/httpapi/sessions_handlers.go:1029.54,1030.14 1 1
network-debugger/internal/infrastructure/httpapi/sessions_handlers.go:1030.14,1032.3 1 1
network-debugger/internal/infrastructure/httpapi/sessions_handlers.go:1033.2,1034.22 2 1
network-debugger/internal/infrastructure/httpapi/sessions_handlers.go:1034.22,1035.31 1 1
network-debugger/internal/infrastructure/httpapi/sessions_handlers.go:1035.31,1037.4 1 1
network-debugger/internal/infrastructure/httpapi/sessions_handlers.go:1039.2,1039.11 1 1
network-debugger/internal/infrastructure/httpapi/sessions_handlers.go:1042.58,1042.90 1 1
network-debugger/internal/infrastructure/httpapi/sessions_handlers.go:1043.36,1044.13 1 1
network-debugger/internal/infrastructure/httpapi/sessions_handlers.go:1044.13,1046.3 1 1
network-debugger/internal/infrastructure/httpapi/sessions_handlers.go:1047.2,1049.26 3 1
network-debugger/internal/infrastructure/httpapi/sessions_handlers.go:1049.26,1051.14 2 1
network-debugger/internal/infrastructure/httpapi/sessions_handlers.go:1051.14,1053.4 1 1
network-debugger/internal/infrastructure/httpapi/sessions_handlers.go:1055.2,1055.12 1 1
network-debugger/internal/infrastructure/httpapi/sessions_handlers.go:1057.55,1059.24 2 1
network-debugger/internal/infrastructure/httpapi/sessions_handlers.go:1059.24,1060.31 1 1
network-debugger/internal/infrastructure/httpapi/sessions_handlers.go:1060.31,1062.4 1 1
network-debugger/internal/infrastructure/httpapi/sessions_handlers.go:1064.2,1064.14 1 1
network-debugger/internal/infrastructure/httpapi/sessions_handlers.go:1069.76,1071.14 2 1
network-debugger/internal/infrastructure/httpapi/sessions_handlers.go:1071.14,1074.3 2 1
network-debugger/internal/infrastructure/httpapi/sessions_handlers.go:1075.2,1079.9 5 1
network-debugger/internal/infrastructure/httpapi/sessions_handlers.go:1079.9,1082.3 2 0
network-debugger/internal/infrastructure/httpapi/sessions_handlers.go:1085.2,1089.82 4 1
network-debugger/internal/infrastructure/httpapi/sessions_handlers.go:1089.82,1091.3 1 1
network-debugger/internal/infrastructure/httpapi/sessions_handlers.go:1092.2,1092.76 1 1
network-debugger/internal/infrastructure/httpapi/sessions_handlers.go:1092.76,1094.3 1 1
network-debugger/internal/infrastructure/httpapi/sessions_handlers.go:1095.2,1095.86 1 1
network-debugger/internal/infrastructure/httpapi/sessions_handlers.go:1095.86,1097.3 1 1
network-debugger/internal/infrastructure/httpapi/sessions_handlers.go:1098.2,1098.6 1 1
network-debugger/internal/infrastructure/httpapi/sessions_handlers.go:1098.6,1099.10 1 1
network-debugger/internal/infrastructure/httpapi/sessions_handlers.go:1100.29,1101.10 1 1
network-debugger/internal/infrastructure/httpapi/sessions_handlers.go:1102.20,1104.19 1 0
network-debugger/internal/infrastructure/httpapi/sessions_handlers.go:1104.19,1105.13 1 0
network-debugger/internal/infrastructure/httpapi/sessions_handlers.go:1107.4,1107.19 1 0
network-debugger/internal/infrastructure/httpapi/sessions_handlers.go:1108.23,1109.86 1 0
network-debugger/internal/infrastructure/httpapi/sessions_handlers.go:1109.86,1112.6 2 0
network-debugger/internal/infrastructure/httpapi/sessions_handlers.go:1113.36,1114.80 1 0
network-debugger/internal/infrastructure/httpapi/sessions_handlers.go:1114.80,1117.6 2 0
network-debugger/internal/infrastructure/httpapi/sessions_handlers.go:1118.25,1119.90 1 0
network-debugger/internal/infrastructure/httpapi/sessions_handlers.go:1119.90,1122.6 2 0
network-debugger/internal/infrastructure/httpapi/sessions_handlers.go:1123.44,1124.47 1 0
network-debugger/internal/infrastructure/httpapi/sessions_handlers.go:1130.109,1137.2 5 1
network-debugger/internal/infrastructure/httpapi/settings.go:23.73,24.18 1 1
network-debugger/internal/infrastructure/httpapi/settings.go:25.22,32.24 7 1
network-debugger/internal/infrastructure/httpapi/settings.go:32.24,33.69 1 0
network-debugger/internal/infrastructure/httpapi/settings.go:33.69,35.25 2 0
network-debugger/internal/infrastructure/httpapi/settings.go:35.25,37.6 1 0
network-debugger/internal/infrastructure/httpapi/settings.go:38.5,38.32 1 0
network-debugger/internal/infrastructure/httpapi/settings.go:38.32,40.6 1 0
network-debugger/internal/infrastructure/httpapi/settings.go:43.3,43.31 1 1
network-debugger/internal/infrastructure/httpapi/settings.go:43.31,46.4 2 1
network-debugger/internal/infrastructure/httpapi/settings.go:46.9,46.24 1 1
network-debugger/internal/infrastructure/httpapi/settings.go:46.24,49.4 2 1
network-debugger/internal/infrastructure/httpapi/settings.go:49.9,52.4 2 1
network-debugger/internal/infrastructure/httpapi/settings.go:53.3,55.9 3 1
network-debugger/internal/infrastructure/httpapi/settings.go:56.23,58.61 2 1
network-debugger/internal/infrastructure/httpapi/settings.go:58.61,61.4 2 1
network-debugger/internal/infrastructure/httpapi/settings.go:62.3,64.93 2 1
network-debugger/internal/infrastructure/httpapi/settings.go:64.93,68.4 3 1
network-debugger/internal/infrastructure/httpapi/settings.go:68.9,70.32 2 1
network-debugger/internal/infrastructure/httpapi/settings.go:70.32,76.57 6 1
network-debugger/internal/infrastructure/httpapi/settings.go:76.57,79.6 2 1
network-debugger/internal/infrastructure/httpapi/settings.go:80.5,80.18 1 1
network-debugger/internal/infrastructure/httpapi/settings.go:80.18,82.6 1 1
network-debugger/internal/infrastructure/httpapi/settings.go:83.5,85.35 3 1
network-debugger/internal/infrastructure/httpapi/settings.go:86.10,88.28 2 1
network-debugger/internal/infrastructure/httpapi/settings.go:88.28,91.6 2 0
network-debugger/internal/infrastructure/httpapi/settings.go:92.5,94.30 3 1
network-debugger/internal/infrastructure/httpapi/settings.go:99.3,99.24 1 1
network-debugger/internal/infrastructure/httpapi/settings.go:99.24,104.24 5 0
network-debugger/internal/infrastructure/httpapi/settings.go:104.24,106.5 1 0
network-debugger/internal/infrastructure/httpapi/settings.go:107.4,107.50 1 0
network-debugger/internal/infrastructure/httpapi/settings.go:107.50,109.5 1 0
network-debugger/internal/infrastructure/httpapi/settings.go:110.4,115.61 6 0
network-debugger/internal/infrastructure/httpapi/settings.go:119.3,121.67 3 1
network-debugger/internal/infrastructure/httpapi/settings.go:121.67,124.4 2 1
network-debugger/internal/infrastructure/httpapi/settings.go:124.9,124.39 1 1
network-debugger/internal/infrastructure/httpapi/settings.go:124.39,127.4 2 1
network-debugger/internal/infrastructure/httpapi/settings.go:127.9,130.4 2 1
network-debugger/internal/infrastructure/httpapi/settings.go:131.3,131.24 1 1
network-debugger/internal/infrastructure/httpapi/settings.go:131.24,132.69 1 0
network-debugger/internal/infrastructure/httpapi/settings.go:132.69,133.25 1 0
network-debugger/internal/infrastructure/httpapi/settings.go:133.25,135.6 1 0
network-debugger/internal/infrastructure/httpapi/settings.go:136.5,136.32 1 0
network-debugger/internal/infrastructure/httpapi/settings.go:136.32,138.6 1 0
network-debugger/internal/infrastructure/httpapi/settings.go:141.3,142.9 2 1
network-debugger/internal/infrastructure/httpapi/settings.go:143.10,145.9 2 1
network-debugger/internal/infrastructure/httpapi/throttle.go:23.50,24.22 1 1
network-debugger/internal/infrastructure/httpapi/throttle.go:24.22,26.3 1 1
network-debugger/internal/infrastructure/httpapi/throttle.go:27.2,30.91 3 1
network-debugger/internal/infrastructure/httpapi/throttle.go:34.40,35.24 1 1
network-debugger/internal/infrastructure/httpapi/throttle.go:35.24,37.3 1 1
network-debugger/internal/infrastructure/httpapi/throttle.go:38.2,39.6 2 1
network-debugger/internal/infrastructure/httpapi/throttle.go:39.6,44.18 4 1
network-debugger/internal/infrastructure/httpapi/throttle.go:44.18,46.29 2 1
network-debugger/internal/infrastructure/httpapi/throttle.go:46.29,48.5 1 1
network-debugger/internal/infrastructure/httpapi/throttle.go:49.4,49.16 1 1
network-debugger/internal/infrastructure/httpapi/throttle.go:51.3,51.23 1 1
network-debugger/internal/infrastructure/httpapi/throttle.go:51.23,55.4 3 1
network-debugger/internal/infrastructure/httpapi/throttle.go:57.3,60.31 3 0
network-debugger/internal/infrastructure/httpapi/throttle.go:60.31,62.4 1 0
network-debugger/internal/infrastructure/httpapi/throttle.go:63.3,64.20 2 0
network-debugger/internal/infrastructure/httpapi/throttle.go:74.55,76.11 2 1
network-debugger/internal/infrastructure/httpapi/throttle.go:76.11,78.3 1 1
network-debugger/internal/infrastructure/httpapi/throttle.go:79.2,79.15 1 1
network-debugger/internal/infrastructure/httpapi/throttle.go:89.51,91.50 1 1
network-debugger/internal/infrastructure/httpapi/throttle.go:91.50,93.3 1 1
network-debugger/internal/infrastructure/httpapi/throttle.go:94.2,94.23 1 1
network-debugger/internal/infrastructure/httpapi/throttle.go:106.57,107.50 1 1
network-debugger/internal/infrastructure/httpapi/throttle.go:107.50,110.3 1 1
network-debugger/internal/infrastructure/httpapi/throttle.go:111.2,112.27 2 1
network-debugger/internal/infrastructure/httpapi/throttle.go:112.27,114.3 1 1
network-debugger/internal/infrastructure/httpapi/throttle.go:115.2,115.15 1 1
network-debugger/internal/infrastructure/httpapi/throttle.go:119.38,120.15 1 1
network-debugger/internal/infrastructure/httpapi/throttle.go:120.15,122.3 1 1
network-debugger/internal/infrastructure/httpapi/throttle.go:124.2,124.42 1 1
network-debugger/internal/infrastructure/httpapi/throttle.go:127.82,128.14 1 1
network-debugger/internal/infrastructure/httpapi/throttle.go:128.14,130.3 1 1
network-debugger/internal/infrastructure/httpapi/throttle.go:131.2,132.21 2 1
network-debugger/internal/infrastructure/httpapi/throttle.go:132.21,134.3 1 1
network-debugger/internal/infrastructure/httpapi/throttle.go:135.2,135.17 1 1
network-debugger/internal/infrastructure/httpapi/throttle.go:135.17,137.3 1 1
network-debugger/internal/infrastructure/httpapi/throttle.go:138.2,138.12 1 1
network-debugger/internal/infrastructure/httpapi/throttle.go:141.88,142.31 1 1
network-debugger/internal/infrastructure/httpapi/throttle.go:142.31,144.3 1 1
network-debugger/internal/infrastructure/httpapi/throttle.go:145.2,145.25 1 1
network-debugger/internal/infrastructure/httpapi/throttle.go:145.25,149.3 2 1
network-debugger/internal/infrastructure/httpapi/throttle.go:151.2,151.26 1 1
network-debugger/internal/infrastructure/httpapi/throttle.go:151.26,153.3 1 1
network-debugger/internal/infrastructure/httpapi/throttle.go:157.2,157.31 1 1
network-debugger/internal/infrastructure/httpapi/throttle.go:157.31,159.3 1 1
network-debugger/internal/infrastructure/httpapi/throttle.go:162.2,163.19 2 1
network-debugger/internal/infrastructure/httpapi/throttle.go:164.14,165.48 1 1
network-debugger/internal/infrastructure/httpapi/throttle.go:166.12,167.46 1 1
network-debugger/internal/infrastructure/httpapi/throttle.go:168.10,169.10 1 0
network-debugger/internal/infrastructure/httpapi/throttle.go:173.2,173.43 1 1
network-debugger/internal/infrastructure/httpapi/throttle.go:173.43,180.3 1 1
network-debugger/internal/infrastructure/httpapi/throttle.go:182.2,182.13 1 1
network-debugger/internal/infrastructure/httpapi/throttle.go:187.67,188.38 1 1
network-debugger/internal/infrastructure/httpapi/throttle.go:188.38,190.3 1 1
network-debugger/internal/infrastructure/httpapi/throttle.go:191.2,192.51 2 1
network-debugger/internal/infrastructure/httpapi/throttle.go:192.51,194.3 1 1
network-debugger/internal/infrastructure/httpapi/throttle.go:194.8,196.3 1 1
network-debugger/internal/infrastructure/httpapi/throttle.go:197.2,198.14 2 1
network-debugger/internal/infrastructure/httpapi/throttle.go:198.14,200.3 1 1
network-debugger/internal/infrastructure/httpapi/throttle.go:201.2,202.30 2 1
network-debugger/internal/infrastructure/httpapi/throttle.go:202.30,204.3 1 1
network-debugger/internal/infrastructure/httpapi/throttle.go:205.2,205.19 1 1
network-debugger/internal/infrastructure/httpapi/throttle.go:212.32,213.60 1 1
network-debugger/internal/infrastructure/httpapi/throttle.go:213.60,215.3 1 1
network-debugger/internal/infrastructure/httpapi/throttle.go:216.2,219.37 2 1
network-debugger/internal/infrastructure/httpapi/throttle.go:219.37,222.3 2 1
network-debugger/internal/infrastructure/httpapi/throttle.go:225.2,225.21 1 1
network-debugger/internal/infrastructure/httpapi/throttle.go:225.21,227.3 1 0
network-debugger/internal/infrastructure/httpapi/throttle.go:229.2,229.25 1 1
network-debugger/internal/infrastructure/httpapi/throttle.go:241.58,244.2 2 1
network-debugger/internal/infrastructure/httpapi/throttle.go:246.59,249.2 2 1
network-debugger/internal/infrastructure/httpapi/throttle.go:251.44,252.22 1 1
network-debugger/internal/infrastructure/httpapi/throttle.go:252.22,254.3 1 1
network-debugger/internal/infrastructure/httpapi/throttle.go:255.2,256.20 2 1
network-debugger/internal/infrastructure/httpapi/throttle.go:256.20,259.3 2 1
network-debugger/internal/infrastructure/httpapi/throttle.go:260.2,260.15 1 1
network-debugger/internal/infrastructure/httpapi/throttle.go:260.15,262.3 1 1
network-debugger/internal/infrastructure/httpapi/throttle.go:266.79,267.35 1 1
network-debugger/internal/infrastructure/httpapi/throttle.go:267.35,269.3 1 1
network-debugger/internal/infrastructure/httpapi/throttle.go:270.2,275.3 1 1
network-debugger/internal/infrastructure/httpapi/throttle_api.go:21.73,22.18 1 1
network-debugger/internal/infrastructure/httpapi/throttle_api.go:23.22,31.24 8 1
network-debugger/internal/infrastructure/httpapi/throttle_api.go:31.24,32.69 1 1
network-debugger/internal/infrastructure/httpapi/throttle_api.go:32.69,40.5 7 1
network-debugger/internal/infrastructure/httpapi/throttle_api.go:42.3,61.9 4 1
network-debugger/internal/infrastructure/httpapi/throttle_api.go:62.23,64.61 2 1
network-debugger/internal/infrastructure/httpapi/throttle_api.go:64.61,67.4 2 0
network-debugger/internal/infrastructure/httpapi/throttle_api.go:68.3,75.24 8 1
network-debugger/internal/infrastructure/httpapi/throttle_api.go:75.24,88.4 1 1
network-debugger/internal/infrastructure/httpapi/throttle_api.go:89.3,99.9 3 1
network-debugger/internal/infrastructure/httpapi/throttle_api.go:100.10,102.9 2 0
network-debugger/internal/infrastructure/httpapi/throttle_api.go:107.81,108.23 1 1
network-debugger/internal/infrastructure/httpapi/throttle_api.go:108.23,112.3 3 0
network-debugger/internal/infrastructure/httpapi/throttle_api.go:113.2,113.18 1 1
network-debugger/internal/infrastructure/httpapi/throttle_api.go:114.22,118.9 4 1
network-debugger/internal/infrastructure/httpapi/throttle_api.go:119.23,130.61 2 1
network-debugger/internal/infrastructure/httpapi/throttle_api.go:130.61,133.4 2 0
network-debugger/internal/infrastructure/httpapi/throttle_api.go:134.3,137.17 2 1
network-debugger/internal/infrastructure/httpapi/throttle_api.go:137.17,140.4 2 0
network-debugger/internal/infrastructure/httpapi/throttle_api.go:141.3,143.9 3 1
network-debugger/internal/infrastructure/httpapi/throttle_api.go:144.25,146.28 2 0
network-debugger/internal/infrastructure/httpapi/throttle_api.go:146.28,149.4 2 0
network-debugger/internal/infrastructure/httpapi/throttle_api.go:150.3,150.77 1 0
network-debugger/internal/infrastructure/httpapi/throttle_api.go:150.77,153.4 2 0
network-debugger/internal/infrastructure/httpapi/throttle_api.go:154.3,155.9 2 0
network-debugger/internal/infrastructure/httpapi/throttle_api.go:156.10,158.9 2 0
network-debugger/internal/infrastructure/httpapi/utils_spool_gc.go:12.28,18.21 5 1
network-debugger/internal/infrastructure/httpapi/utils_spool_gc.go:18.21,20.3 1 0
network-debugger/internal/infrastructure/httpapi/utils_spool_gc.go:23.59,24.15 1 1
network-debugger/internal/infrastructure/httpapi/utils_spool_gc.go:24.15,26.3 1 1
network-debugger/internal/infrastructure/httpapi/utils_spool_gc.go:27.2,28.79 2 1
network-debugger/internal/infrastructure/httpapi/utils_spool_gc.go:28.79,29.17 1 1
network-debugger/internal/infrastructure/httpapi/utils_spool_gc.go:29.17,31.4 1 1
network-debugger/internal/infrastructure/httpapi/utils_spool_gc.go:32.3,32.17 1 1
network-debugger/internal/infrastructure/httpapi/utils_spool_gc.go:32.17,34.4 1 1
network-debugger/internal/infrastructure/httpapi/utils_spool_gc.go:35.3,37.123 2 1
network-debugger/internal/infrastructure/httpapi/utils_spool_gc.go:37.123,39.4 1 1
network-debugger/internal/infrastructure/httpapi/utils_spool_gc.go:40.3,40.41 1 1
network-debugger/internal/infrastructure/httpapi/utils_spool_gc.go:40.41,41.43 1 1
network-debugger/internal/infrastructure/httpapi/utils_spool_gc.go:41.43,43.5 1 1
network-debugger/internal/infrastructure/httpapi/utils_spool_gc.go:45.3,45.13 1 1
network-debugger/internal/infrastructure/httpapi/ws_frames.go:22.100,23.15 1 0
network-debugger/internal/infrastructure/httpapi/ws_frames.go:23.15,28.76 4 0
network-debugger/internal/infrastructure/httpapi/ws_frames.go:28.76,32.4 3 0
network-debugger/internal/infrastructure/httpapi/ws_frames.go:35.2,36.6 2 0
network-debugger/internal/infrastructure/httpapi/ws_frames.go:36.6,38.17 2 0
network-debugger/internal/infrastructure/httpapi/ws_frames.go:38.17,39.21 1 0
network-debugger/internal/infrastructure/httpapi/ws_frames.go:39.21,41.5 1 0
network-debugger/internal/infrastructure/httpapi/ws_frames.go:42.4,42.10 1 0
network-debugger/internal/infrastructure/httpapi/ws_frames.go:45.3,48.77 4 0
network-debugger/internal/infrastructure/httpapi/ws_frames.go:55.105,56.15 1 0
network-debugger/internal/infrastructure/httpapi/ws_frames.go:56.15,60.76 4 0
network-debugger/internal/infrastructure/httpapi/ws_frames.go:60.76,64.4 3 0
network-debugger/internal/infrastructure/httpapi/ws_frames.go:67.2,70.6 3 0
network-debugger/internal/infrastructure/httpapi/ws_frames.go:70.6,72.17 2 0
network-debugger/internal/infrastructure/httpapi/ws_frames.go:72.17,73.21 1 0
network-debugger/internal/infrastructure/httpapi/ws_frames.go:73.21,75.5 1 0
network-debugger/internal/infrastructure/httpapi/ws_frames.go:76.4,76.10 1 0
network-debugger/internal/infrastructure/httpapi/ws_frames.go:78.3,79.21 2 0
network-debugger/internal/infrastructure/httpapi/ws_frames.go:79.21,81.4 1 0
network-debugger/internal/infrastructure/httpapi/ws_frames.go:82.3,87.34 4 0
network-debugger/internal/infrastructure/httpapi/ws_frames.go:87.34,88.24 1 0
network-debugger/internal/infrastructure/httpapi/ws_frames.go:88.24,90.5 1 0
network-debugger/internal/infrastructure/httpapi/ws_frames.go:90.10,90.31 1 0
network-debugger/internal/infrastructure/httpapi/ws_frames.go:90.31,92.5 1 0
network-debugger/internal/infrastructure/httpapi/ws_frames.go:99.100,102.16 2 1
network-debugger/internal/infrastructure/httpapi/ws_frames.go:102.16,104.3 1 0
network-debugger/internal/infrastructure/httpapi/ws_frames.go:105.2,106.16 2 1
network-debugger/internal/infrastructure/httpapi/ws_frames.go:106.16,108.3 1 0
network-debugger/internal/infrastructure/httpapi/ws_frames.go:110.2,118.15 7 1
network-debugger/internal/infrastructure/httpapi/ws_frames.go:119.11,120.55 1 1
network-debugger/internal/infrastructure/httpapi/ws_frames.go:120.55,122.4 1 0
network-debugger/internal/infrastructure/httpapi/ws_frames.go:123.3,123.56 1 1
network-debugger/internal/infrastructure/httpapi/ws_frames.go:124.11,125.54 1 1
network-debugger/internal/infrastructure/httpapi/ws_frames.go:125.54,127.4 1 0
network-debugger/internal/infrastructure/httpapi/ws_frames.go:129.3,130.19 2 1
network-debugger/internal/infrastructure/httpapi/ws_frames.go:130.19,132.4 1 0
network-debugger/internal/infrastructure/httpapi/ws_frames.go:133.3,133.23 1 1
network-debugger/internal/infrastructure/httpapi/ws_frames.go:134.10,135.21 1 1
network-debugger/internal/infrastructure/httpapi/ws_frames.go:139.2,139.51 1 1
network-debugger/internal/infrastructure/httpapi/ws_frames.go:139.51,141.3 1 0
network-debugger/internal/infrastructure/httpapi/ws_frames.go:142.2,142.18 1 1
network-debugger/internal/infrastructure/httpapi/ws_frames.go:142.18,143.48 1 1
network-debugger/internal/infrastructure/httpapi/ws_frames.go:143.48,145.4 1 0
network-debugger/internal/infrastructure/httpapi/ws_frames.go:146.8,146.25 1 1
network-debugger/internal/infrastructure/httpapi/ws_frames.go:146.25,147.47 1 1
network-debugger/internal/infrastructure/httpapi/ws_frames.go:147.47,149.4 1 0
network-debugger/internal/infrastructure/httpapi/ws_frames.go:153.2,154.10 2 1
network-debugger/internal/infrastructure/httpapi/ws_frames.go:154.10,155.55 1 1
network-debugger/internal/infrastructure/httpapi/ws_frames.go:155.55,157.4 1 0
network-debugger/internal/infrastructure/httpapi/ws_frames.go:158.3,158.48 1 1
network-debugger/internal/infrastructure/httpapi/ws_frames.go:158.48,160.4 1 0
network-debugger/internal/infrastructure/httpapi/ws_frames.go:165.2,166.21 2 1
network-debugger/internal/infrastructure/httpapi/ws_frames.go:166.21,168.3 1 0
network-debugger/internal/infrastructure/httpapi/ws_frames.go:169.2,173.20 5 1
network-debugger/internal/infrastructure/httpapi/ws_frames.go:173.20,175.25 2 1
network-debugger/internal/infrastructure/httpapi/ws_frames.go:175.25,177.4 1 1
network-debugger/internal/infrastructure/httpapi/ws_frames.go:178.3,179.17 2 1
network-debugger/internal/infrastructure/httpapi/ws_frames.go:179.17,181.4 1 0
network-debugger/internal/infrastructure/httpapi/ws_frames.go:183.3,183.45 1 1
network-debugger/internal/infrastructure/httpapi/ws_frames.go:183.45,185.4 1 0
network-debugger/internal/infrastructure/httpapi/ws_frames.go:188.3,189.35 2 1
network-debugger/internal/infrastructure/httpapi/ws_frames.go:189.35,191.19 2 1
network-debugger/internal/infrastructure/httpapi/ws_frames.go:191.19,193.5 1 0
network-debugger/internal/infrastructure/httpapi/ws_frames.go:194.4,195.12 2 1
network-debugger/internal/infrastructure/httpapi/ws_frames.go:195.12,198.31 2 1
network-debugger/internal/infrastructure/httpapi/ws_frames.go:198.31,200.6 1 1
network-debugger/internal/infrastructure/httpapi/ws_frames.go:201.5,201.44 1 1
network-debugger/internal/infrastructure/httpapi/ws_frames.go:202.10,204.5 1 1
network-debugger/internal/infrastructure/httpapi/ws_frames.go:206.3,207.14 2 1
network-debugger/internal/infrastructure/httpapi/ws_frames.go:211.2,212.29 2 1
network-debugger/internal/infrastructure/httpapi/ws_frames.go:212.29,214.50 2 1
network-debugger/internal/infrastructure/httpapi/ws_frames.go:214.50,216.4 1 0
network-debugger/internal/infrastructure/httpapi/ws_frames.go:217.8,219.3 1 0
network-debugger/internal/infrastructure/httpapi/ws_frames.go:221.2,221.37 1 1
network-debugger/internal/infrastructure/httpapi/ws_frames.go:228.118,232.16 2 1
network-debugger/internal/infrastructure/httpapi/ws_frames.go:232.16,234.3 1 0
network-debugger/internal/infrastructure/httpapi/ws_frames.go:235.2,236.16 2 1
network-debugger/internal/infrastructure/httpapi/ws_frames.go:236.16,238.3 1 0
network-debugger/internal/infrastructure/httpapi/ws_frames.go:239.2,248.15 9 1
network-debugger/internal/infrastructure/httpapi/ws_frames.go:249.11,250.55 1 0
network-debugger/internal/infrastructure/httpapi/ws_frames.go:250.55,252.4 1 0
network-debugger/internal/infrastructure/httpapi/ws_frames.go:253.3,253.56 1 0
network-debugger/internal/infrastructure/httpapi/ws_frames.go:254.11,255.54 1 0
network-debugger/internal/infrastructure/httpapi/ws_frames.go:255.54,257.4 1 0
network-debugger/internal/infrastructure/httpapi/ws_frames.go:258.3,259.19 2 0
network-debugger/internal/infrastructure/httpapi/ws_frames.go:259.19,261.4 1 0
network-debugger/internal/infrastructure/httpapi/ws_frames.go:262.3,262.23 1 0
network-debugger/internal/infrastructure/httpapi/ws_frames.go:263.10,264.21 1 1
network-debugger/internal/infrastructure/httpapi/ws_frames.go:268.2,268.51 1 1
network-debugger/internal/infrastructure/httpapi/ws_frames.go:268.51,270.3 1 0
network-debugger/internal/infrastructure/httpapi/ws_frames.go:271.2,271.18 1 1
network-debugger/internal/infrastructure/httpapi/ws_frames.go:271.18,272.48 1 0
network-debugger/internal/infrastructure/httpapi/ws_frames.go:272.48,274.4 1 0
network-debugger/internal/infrastructure/httpapi/ws_frames.go:275.8,275.25 1 1
network-debugger/internal/infrastructure/httpapi/ws_frames.go:275.25,276.47 1 0
network-debugger/internal/infrastructure/httpapi/ws_frames.go:276.47,278.4 1 0
network-debugger/internal/infrastructure/httpapi/ws_frames.go:280.2,281.10 2 1
network-debugger/internal/infrastructure/httpapi/ws_frames.go:281.10,282.55 1 1
network-debugger/internal/infrastructure/httpapi/ws_frames.go:282.55,284.4 1 0
network-debugger/internal/infrastructure/httpapi/ws_frames.go:285.3,285.48 1 1
network-debugger/internal/infrastructure/httpapi/ws_frames.go:285.48,287.4 1 0
network-debugger/internal/infrastructure/httpapi/ws_frames.go:290.2,291.23 2 1
network-debugger/internal/infrastructure/httpapi/ws_frames.go:291.23,293.24 2 0
network-debugger/internal/infrastructure/httpapi/ws_frames.go:293.24,295.4 1 0
network-debugger/internal/infrastructure/httpapi/ws_frames.go:299.2,304.111 5 1
network-debugger/internal/infrastructure/httpapi/ws_frames.go:304.111,306.19 2 1
network-debugger/internal/infrastructure/httpapi/ws_frames.go:306.19,308.24 2 1
network-debugger/internal/infrastructure/httpapi/ws_frames.go:308.24,310.5 1 0
network-debugger/internal/infrastructure/httpapi/ws_frames.go:313.2,314.36 2 1
network-debugger/internal/infrastructure/httpapi/ws_frames.go:314.36,316.20 2 0
network-debugger/internal/infrastructure/httpapi/ws_frames.go:316.20,318.4 1 0
network-debugger/internal/infrastructure/httpapi/ws_frames.go:319.3,319.28 1 0
network-debugger/internal/infrastructure/httpapi/ws_frames.go:319.28,321.4 1 0
network-debugger/internal/infrastructure/httpapi/ws_frames.go:322.3,322.44 1 0
network-debugger/internal/infrastructure/httpapi/ws_frames.go:326.2,326.89 1 1
network-debugger/internal/infrastructure/httpapi/ws_frames.go:326.89,329.15 3 1
network-debugger/internal/infrastructure/httpapi/ws_frames.go:329.15,331.20 2 1
network-debugger/internal/infrastructure/httpapi/ws_frames.go:331.20,333.5 1 1
network-debugger/internal/infrastructure/httpapi/ws_frames.go:334.4,335.18 2 1
network-debugger/internal/infrastructure/httpapi/ws_frames.go:335.18,337.5 1 0
network-debugger/internal/infrastructure/httpapi/ws_frames.go:339.4,339.46 1 1
network-debugger/internal/infrastructure/httpapi/ws_frames.go:339.46,341.5 1 0
network-debugger/internal/infrastructure/httpapi/ws_frames.go:343.4,343.38 1 1
network-debugger/internal/infrastructure/httpapi/ws_frames.go:343.38,346.20 3 1
network-debugger/internal/infrastructure/httpapi/ws_frames.go:346.20,348.6 1 0
network-debugger/internal/infrastructure/httpapi/ws_frames.go:349.5,350.18 2 1
network-debugger/internal/infrastructure/httpapi/ws_frames.go:350.18,352.32 2 1
network-debugger/internal/infrastructure/httpapi/ws_frames.go:352.32,354.7 1 1
network-debugger/internal/infrastructure/httpapi/ws_frames.go:355.6,355.45 1 1
network-debugger/internal/infrastructure/httpapi/ws_frames.go:356.11,358.6 1 1
network-debugger/internal/infrastructure/httpapi/ws_frames.go:360.4,360.81 1 1
network-debugger/internal/infrastructure/httpapi/ws_frames.go:360.81,362.53 2 0
network-debugger/internal/infrastructure/httpapi/ws_frames.go:362.53,364.6 1 0
network-debugger/internal/infrastructure/httpapi/ws_frames.go:365.5,365.17 1 0
network-debugger/internal/infrastructure/httpapi/ws_frames.go:365.17,367.6 1 0
network-debugger/internal/infrastructure/httpapi/ws_frames.go:370.4,370.39 1 1
network-debugger/internal/infrastructure/httpapi/ws_frames.go:370.39,372.37 2 1
network-debugger/internal/infrastructure/httpapi/ws_frames.go:372.37,374.6 1 0
network-debugger/internal/infrastructure/httpapi/ws_frames.go:375.5,375.20 1 1
network-debugger/internal/infrastructure/httpapi/ws_frames.go:375.20,377.14 1 1
network-debugger/internal/infrastructure/httpapi/ws_frames.go:377.14,379.36 2 0
network-debugger/internal/infrastructure/httpapi/ws_frames.go:379.36,381.8 1 0
network-debugger/internal/infrastructure/httpapi/ws_frames.go:382.7,382.30 1 0
network-debugger/internal/infrastructure/httpapi/ws_frames.go:383.12,385.7 1 1
network-debugger/internal/infrastructure/httpapi/ws_frames.go:386.6,386.35 1 1
network-debugger/internal/infrastructure/httpapi/ws_frames.go:389.4,390.12 2 1
network-debugger/internal/infrastructure/httpapi/ws_frames.go:392.3,392.18 1 1
network-debugger/internal/infrastructure/httpapi/ws_frames.go:396.2,397.16 2 1
network-debugger/internal/infrastructure/httpapi/ws_frames.go:397.16,399.3 1 0
network-debugger/internal/infrastructure/httpapi/ws_frames.go:400.2,403.60 2 1
network-debugger/internal/infrastructure/httpapi/ws_frames.go:403.60,405.19 2 1
network-debugger/internal/infrastructure/httpapi/ws_frames.go:405.19,407.4 1 1
network-debugger/internal/infrastructure/httpapi/ws_frames.go:408.3,408.57 1 1
network-debugger/internal/infrastructure/httpapi/ws_frames.go:412.2,412.6 1 1
network-debugger/internal/infrastructure/httpapi/ws_frames.go:412.6,415.17 2 1
network-debugger/internal/infrastructure/httpapi/ws_frames.go:415.17,417.4 1 0
network-debugger/internal/infrastructure/httpapi/ws_frames.go:418.3,419.17 2 1
network-debugger/internal/infrastructure/httpapi/ws_frames.go:419.17,421.4 1 0
network-debugger/internal/infrastructure/httpapi/ws_frames.go:422.3,428.16 5 1
network-debugger/internal/infrastructure/httpapi/ws_frames.go:429.12,430.56 1 0
network-debugger/internal/infrastructure/httpapi/ws_frames.go:430.56,432.5 1 0
network-debugger/internal/infrastructure/httpapi/ws_frames.go:433.4,433.57 1 0
network-debugger/internal/infrastructure/httpapi/ws_frames.go:434.12,435.55 1 0
network-debugger/internal/infrastructure/httpapi/ws_frames.go:435.55,437.5 1 0
network-debugger/internal/infrastructure/httpapi/ws_frames.go:438.4,439.20 2 0
network-debugger/internal/infrastructure/httpapi/ws_frames.go:439.20,441.5 1 0
network-debugger/internal/infrastructure/httpapi/ws_frames.go:442.4,442.24 1 0
network-debugger/internal/infrastructure/httpapi/ws_frames.go:443.11,444.22 1 1
network-debugger/internal/infrastructure/httpapi/ws_frames.go:447.3,447.54 1 1
network-debugger/internal/infrastructure/httpapi/ws_frames.go:447.54,449.4 1 0
network-debugger/internal/infrastructure/httpapi/ws_frames.go:450.3,450.19 1 1
network-debugger/internal/infrastructure/httpapi/ws_frames.go:450.19,451.49 1 0
network-debugger/internal/infrastructure/httpapi/ws_frames.go:451.49,453.5 1 0
network-debugger/internal/infrastructure/httpapi/ws_frames.go:454.9,454.26 1 1
network-debugger/internal/infrastructure/httpapi/ws_frames.go:454.26,455.48 1 0
network-debugger/internal/infrastructure/httpapi/ws_frames.go:455.48,457.5 1 0
network-debugger/internal/infrastructure/httpapi/ws_frames.go:459.3,459.11 1 1
network-debugger/internal/infrastructure/httpapi/ws_frames.go:459.11,460.56 1 0
network-debugger/internal/infrastructure/httpapi/ws_frames.go:460.56,462.5 1 0
network-debugger/internal/infrastructure/httpapi/ws_frames.go:463.4,463.49 1 0
network-debugger/internal/infrastructure/httpapi/ws_frames.go:463.49,465.5 1 0
network-debugger/internal/infrastructure/httpapi/ws_frames.go:467.3,468.17 2 1
network-debugger/internal/infrastructure/httpapi/ws_frames.go:468.17,470.4 1 0
network-debugger/internal/infrastructure/httpapi/ws_frames.go:471.3,472.10 2 1
network-debugger/internal/infrastructure/httpapi/ws_frames.go:472.10,474.20 2 1
network-debugger/internal/infrastructure/httpapi/ws_frames.go:474.20,476.5 1 0
network-debugger/internal/infrastructure/httpapi/ws_frames.go:477.4,477.58 1 1
network-debugger/internal/infrastructure/httpapi/ws_frames.go:482.118,484.89 1 1
network-debugger/internal/infrastructure/httpapi/ws_frames.go:484.89,489.16 4 1
network-debugger/internal/infrastructure/httpapi/ws_frames.go:489.16,493.16 3 1
network-debugger/internal/infrastructure/httpapi/ws_frames.go:493.16,495.17 2 1
network-debugger/internal/infrastructure/httpapi/ws_frames.go:495.17,497.6 1 0
network-debugger/internal/infrastructure/httpapi/ws_frames.go:499.4,501.23 3 1
network-debugger/internal/infrastructure/httpapi/ws_frames.go:501.23,503.14 2 1
network-debugger/internal/infrastructure/httpapi/ws_frames.go:503.14,505.18 2 1
network-debugger/internal/infrastructure/httpapi/ws_frames.go:505.18,507.7 1 1
network-debugger/internal/infrastructure/httpapi/ws_frames.go:508.6,508.35 1 1
network-debugger/internal/infrastructure/httpapi/ws_frames.go:510.5,510.19 1 1
network-debugger/internal/infrastructure/httpapi/ws_frames.go:510.19,511.11 1 1
network-debugger/internal/infrastructure/httpapi/ws_frames.go:515.4,515.35 1 1
network-debugger/internal/infrastructure/httpapi/ws_frames.go:519.2,519.29 1 1
network-debugger/internal/infrastructure/httpapi/ws_frames.go:519.29,522.3 2 1
network-debugger/internal/infrastructure/httpapi/ws_frames.go:523.2,523.35 1 1
network-debugger/internal/infrastructure/httpapi/ws_frames.go:527.48,529.15 2 1
network-debugger/internal/infrastructure/httpapi/ws_frames.go:529.15,531.3 1 1
network-debugger/internal/infrastructure/httpapi/ws_frames.go:532.2,534.16 3 1
network-debugger/internal/infrastructure/httpapi/ws_frames.go:534.16,536.3 1 0
network-debugger/internal/infrastructure/httpapi/ws_frames.go:537.2,538.15 2 1
network-debugger/internal/infrastructure/httpapi/ws_frames.go:541.44,542.14 1 1
network-debugger/internal/infrastructure/httpapi/ws_frames.go:543.11,544.27 1 1
network-debugger/internal/infrastructure/httpapi/ws_frames.go:545.11,546.29 1 1
network-debugger/internal/infrastructure/httpapi/ws_frames.go:547.11,548.28 1 1
network-debugger/internal/infrastructure/httpapi/ws_frames.go:549.11,550.27 1 1
network-debugger/internal/infrastructure/httpapi/ws_frames.go:551.11,552.27 1 1
network-debugger/internal/infrastructure/httpapi/ws_frames.go:553.10,554.29 1 1
network-debugger/internal/infrastructure/httpapi/ws_frames.go:558.34,559.17 1 1
network-debugger/internal/infrastructure/httpapi/ws_frames.go:559.17,561.3 1 1
network-debugger/internal/infrastructure/httpapi/ws_frames.go:563.2,563.18 1 1
network-debugger/internal/infrastructure/httpapi/ws_frames.go:563.18,565.3 1 1
network-debugger/internal/infrastructure/httpapi/ws_frames.go:566.2,568.20 3 1
network-debugger/internal/infrastructure/httpapi/ws_frames.go:571.24,572.11 1 1
network-debugger/internal/infrastructure/httpapi/ws_frames.go:572.11,574.3 1 1
network-debugger/internal/infrastructure/httpapi/ws_frames.go:575.2,575.10 1 1
network-debugger/internal/infrastructure/httpapi/ws_frames.go:586.54,588.55 1 0
network-debugger/internal/infrastructure/httpapi/ws_frames.go:588.55,590.3 1 0
network-debugger/internal/infrastructure/httpapi/ws_frames.go:591.2,591.21 1 0
network-debugger/internal/infrastructure/httpapi/ws_sio.go:14.82,15.15 1 1
network-debugger/internal/infrastructure/httpapi/ws_sio.go:15.15,17.3 1 1
network-debugger/internal/infrastructure/httpapi/ws_sio.go:18.2,18.54 1 1
network-debugger/internal/infrastructure/httpapi/ws_sio.go:18.54,20.40 2 1
network-debugger/internal/infrastructure/httpapi/ws_sio.go:20.40,22.4 1 1
network-debugger/internal/infrastructure/httpapi/ws_sio.go:23.3,26.14 4 1
network-debugger/internal/infrastructure/httpapi/ws_sio.go:29.2,29.53 1 1
network-debugger/internal/infrastructure/httpapi/ws_sio.go:29.53,30.40 1 1
network-debugger/internal/infrastructure/httpapi/ws_sio.go:30.40,36.4 5 0
network-debugger/internal/infrastructure/httpapi/ws_sio.go:38.2,38.53 1 1
network-debugger/internal/infrastructure/httpapi/ws_sio.go:38.53,39.57 1 0
network-debugger/internal/infrastructure/httpapi/ws_sio.go:39.57,41.41 2 0
network-debugger/internal/infrastructure/httpapi/ws_sio.go:41.41,43.5 1 0
network-debugger/internal/infrastructure/httpapi/ws_sio.go:44.4,47.15 4 0
network-debugger/internal/infrastructure/httpapi/ws_sio.go:50.2,50.14 1 1
network-debugger/internal/infrastructure/httpapi/wsproxy.go:21.70,22.27 1 1
network-debugger/internal/infrastructure/httpapi/wsproxy.go:22.27,25.3 2 0
network-debugger/internal/infrastructure/httpapi/wsproxy.go:26.2,27.15 2 1
network-debugger/internal/infrastructure/httpapi/wsproxy.go:27.15,28.32 1 1
network-debugger/internal/infrastructure/httpapi/wsproxy.go:28.32,30.4 1 0
network-debugger/internal/infrastructure/httpapi/wsproxy.go:30.9,33.4 2 1
network-debugger/internal/infrastructure/httpapi/wsproxy.go:35.2,36.16 2 0
network-debugger/internal/infrastructure/httpapi/wsproxy.go:36.16,39.3 2 0
network-debugger/internal/infrastructure/httpapi/wsproxy.go:42.2,42.18 1 0
network-debugger/internal/infrastructure/httpapi/wsproxy.go:43.19,43.19 0 0
network-debugger/internal/infrastructure/httpapi/wsproxy.go:45.14,46.18 1 0
network-debugger/internal/infrastructure/httpapi/wsproxy.go:47.15,48.19 1 0
network-debugger/internal/infrastructure/httpapi/wsproxy.go:49.10,51.9 2 0
network-debugger/internal/infrastructure/httpapi/wsproxy.go:54.2,62.56 3 0
network-debugger/internal/infrastructure/httpapi/wsproxy.go:62.56,65.3 2 0
network-debugger/internal/infrastructure/httpapi/wsproxy.go:66.2,71.44 4 0
network-debugger/internal/infrastructure/httpapi/wsproxy.go:71.44,71.59 1 0
network-debugger/internal/infrastructure/httpapi/wsproxy.go:74.2,75.16 2 0
network-debugger/internal/infrastructure/httpapi/wsproxy.go:75.16,94.3 5 0
network-debugger/internal/infrastructure/httpapi/wsproxy.go:95.2,102.44 3 0
network-debugger/internal/infrastructure/httpapi/wsproxy.go:102.44,104.3 1 0
network-debugger/internal/infrastructure/httpapi/wsproxy.go:105.2,112.60 7 0
network-debugger/internal/infrastructure/httpapi/wsproxy.go:112.60,114.3 1 0
network-debugger/internal/infrastructure/httpapi/wsproxy.go:116.2,116.29 1 0
network-debugger/internal/infrastructure/httpapi/wsproxy.go:116.29,118.24 2 0
network-debugger/internal/infrastructure/httpapi/wsproxy.go:118.24,120.4 1 0
network-debugger/internal/infrastructure/httpapi/wsproxy.go:121.3,121.28 1 0
network-debugger/internal/infrastructure/httpapi/wsproxy.go:124.2,125.16 2 0
network-debugger/internal/infrastructure/httpapi/wsproxy.go:125.16,130.18 2 0
network-debugger/internal/infrastructure/httpapi/wsproxy.go:130.18,132.24 2 0
network-debugger/internal/infrastructure/httpapi/wsproxy.go:132.24,134.5 1 0
network-debugger/internal/infrastructure/httpapi/wsproxy.go:135.4,135.97 1 0
network-debugger/internal/infrastructure/httpapi/wsproxy.go:136.9,138.4 1 0
network-debugger/internal/infrastructure/httpapi/wsproxy.go:141.3,156.9 5 0
network-debugger/internal/infrastructure/httpapi/wsproxy.go:158.2,160.19 2 0
network-debugger/internal/infrastructure/httpapi/wsproxy.go:160.19,162.3 1 0
network-debugger/internal/infrastructure/httpapi/wsproxy.go:165.2,166.82 2 0
network-debugger/internal/infrastructure/httpapi/wsproxy.go:169.93,173.15 4 0
network-debugger/internal/infrastructure/httpapi/wsproxy.go:173.15,179.34 5 0
network-debugger/internal/infrastructure/httpapi/wsproxy.go:179.34,181.22 2 0
network-debugger/internal/infrastructure/httpapi/wsproxy.go:181.22,184.5 2 0
network-debugger/internal/infrastructure/httpapi/wsproxy.go:185.4,187.34 3 0
network-debugger/internal/infrastructure/httpapi/wsproxy.go:189.3,190.20 2 0
network-debugger/internal/infrastructure/httpapi/wsproxy.go:190.20,192.4 1 0
network-debugger/internal/infrastructure/httpapi/wsproxy.go:194.2,194.6 1 0
network-debugger/internal/infrastructure/httpapi/wsproxy.go:194.6,196.17 2 0
network-debugger/internal/infrastructure/httpapi/wsproxy.go:196.17,199.4 2 0
network-debugger/internal/infrastructure/httpapi/wsproxy.go:201.3,203.60 2 0
network-debugger/internal/infrastructure/httpapi/wsproxy.go:203.60,204.87 1 0
network-debugger/internal/infrastructure/httpapi/wsproxy.go:204.87,206.13 1 0
network-debugger/internal/infrastructure/httpapi/wsproxy.go:209.3,210.52 2 0
network-debugger/internal/infrastructure/httpapi/wsproxy.go:210.52,213.4 2 0
network-debugger/internal/infrastructure/httpapi/wsproxy.go:216.3,224.19 7 0
network-debugger/internal/infrastructure/httpapi/wsproxy.go:224.19,227.4 2 0
network-debugger/internal/infrastructure/httpapi/wsproxy.go:228.3,228.34 1 0
network-debugger/internal/infrastructure/httpapi/wsproxy.go:228.34,231.81 2 0
network-debugger/internal/infrastructure/httpapi/wsproxy.go:231.81,235.22 2 0
network-debugger/internal/infrastructure/httpapi/wsproxy.go:235.22,237.6 1 0
network-debugger/internal/infrastructure/httpapi/wsproxy.go:238.5,244.35 3 0
network-debugger/internal/infrastructure/httpapi/wsproxy.go:246.4,246.47 1 0
network-debugger/internal/infrastructure/httpapi/wsproxy.go:251.43,252.12 1 1
network-debugger/internal/infrastructure/httpapi/wsproxy.go:253.29,254.27 1 1
network-debugger/internal/infrastructure/httpapi/wsproxy.go:255.31,256.29 1 1
network-debugger/internal/infrastructure/httpapi/wsproxy.go:257.29,258.27 1 1
network-debugger/internal/infrastructure/httpapi/wsproxy.go:259.29,260.27 1 1
network-debugger/internal/infrastructure/httpapi/wsproxy.go:261.30,262.28 1 1
network-debugger/internal/infrastructure/httpapi/wsproxy.go:263.10,264.29 1 1
network-debugger/internal/infrastructure/httpapi/wsproxy.go:268.57,269.29 1 1
network-debugger/internal/infrastructure/httpapi/wsproxy.go:269.29,271.15 2 1
network-debugger/internal/infrastructure/httpapi/wsproxy.go:271.15,273.4 1 1
network-debugger/internal/infrastructure/httpapi/wsproxy.go:274.3,274.22 1 1
network-debugger/internal/infrastructure/httpapi/wsproxy.go:274.22,276.4 1 1
network-debugger/internal/infrastructure/httpapi/wsproxy.go:278.3,279.45 2 1
network-debugger/internal/infrastructure/httpapi/wsproxy.go:279.45,281.31 2 1
network-debugger/internal/infrastructure/httpapi/wsproxy.go:281.31,283.5 1 0
network-debugger/internal/infrastructure/httpapi/wsproxy.go:285.4,286.38 2 1
network-debugger/internal/infrastructure/httpapi/wsproxy.go:286.38,288.5 1 0
network-debugger/internal/infrastructure/httpapi/wsproxy.go:289.4,289.19 1 1
network-debugger/internal/infrastructure/httpapi/wsproxy.go:291.3,291.28 1 1
network-debugger/internal/infrastructure/httpapi/wsproxy.go:294.2,295.33 2 1
network-debugger/internal/infrastructure/httpapi/wsproxy.go:295.33,297.3 1 1
network-debugger/internal/infrastructure/httpapi/wsproxy.go:298.2,298.15 1 1
network-debugger/internal/infrastructure/httpapi/wsproxy.go:298.15,300.3 1 1
network-debugger/internal/infrastructure/httpapi/wsproxy.go:301.2,301.45 1 1
network-debugger/internal/infrastructure/httpapi/wsproxy.go:304.73,305.32 1 1
network-debugger/internal/infrastructure/httpapi/wsproxy.go:305.32,307.3 1 1
network-debugger/internal/infrastructure/httpapi/wsproxy.go:310.31,310.44 1 1
network-debugger/internal/infrastructure/httpapi/wsproxy.go:312.39,313.52 1 1
network-debugger/internal/infrastructure/httpapi/wsproxy.go:313.52,315.3 1 1
network-debugger/internal/infrastructure/httpapi/wsproxy.go:316.2,316.15 1 1
network-debugger/internal/infrastructure/httpapi/wsproxy.go:320.44,320.75 1 1
network-debugger/internal/infrastructure/httpapi/wsproxy.go:324.38,326.16 1 1
network-debugger/internal/infrastructure/httpapi/wsproxy.go:326.16,328.3 1 1
network-debugger/internal/infrastructure/httpapi/wsproxy.go:329.2,331.31 2 1
network-debugger/internal/infrastructure/httpapi/wsproxy.go:331.31,333.3 1 1
network-debugger/internal/infrastructure/httpapi/wsproxy.go:334.2,334.31 1 1
network-debugger/internal/infrastructure/httpapi/wsproxy.go:334.31,336.33 1 1
network-debugger/internal/infrastructure/httpapi/wsproxy.go:336.33,338.4 1 1
network-debugger/internal/infrastructure/httpapi/wsproxy.go:339.3,339.32 1 1
network-debugger/internal/infrastructure/httpapi/wsproxy.go:339.32,341.4 1 1
network-debugger/internal/infrastructure/httpapi/wsproxy.go:344.2,345.47 2 1
network-debugger/internal/infrastructure/httpapi/wsproxy.go:345.47,347.3 1 1
network-debugger/internal/infrastructure/httpapi/wsproxy.go:348.2,348.12 1 1
network-debugger/internal/infrastructure/httpapi/wsproxy.go:348.12,350.3 1 1
network-debugger/internal/infrastructure/httpapi/wsproxy.go:351.2,351.31 1 1
network-debugger/internal/infrastructure/httpapi/wsproxy.go:351.31,353.3 1 1
network-debugger/internal/infrastructure/httpapi/wsproxy.go:354.2,355.16 2 1
network-debugger/internal/infrastructure/httpapi/wsproxy.go:355.16,357.3 1 0
network-debugger/internal/infrastructure/httpapi/wsproxy.go:358.2,358.12 1 1
network-debugger/internal/infrastructure/httpapi/wsproxy.go:363.73,364.33 1 1
network-debugger/internal/infrastructure/httpapi/wsproxy.go:364.33,367.3 2 0
network-debugger/internal/infrastructure/httpapi/wsproxy.go:368.2,370.62 3 1
network-debugger/internal/infrastructure/httpapi/wsproxy.go:370.62,373.3 2 0
network-debugger/internal/infrastructure/httpapi/wsproxy.go:374.2,379.61 3 1
network-debugger/internal/infrastructure/httpapi/wsproxy.go:379.61,382.3 2 0
network-debugger/internal/infrastructure/httpapi/wsproxy.go:383.2,383.19 1 1
network-debugger/internal/infrastructure/httpapi/wsproxy.go:383.19,386.3 2 1
network-debugger/internal/infrastructure/httpapi/wsproxy.go:387.2,387.72 1 1
network-debugger/internal/infrastructure/httpapi/wsproxy.go:387.72,390.3 2 1
network-debugger/internal/infrastructure/httpapi/wsproxy.go:391.2,391.37 1 0
